ID_Emp,Dep_name,Age,Gender,Edu_level,Exp_years,Annual_income,Week_WoekHours,Performance_Score,Work_satisfaction,Home_distance_km,Leaves_days,Project_finished,Training_hours,Bonus_year,Hiring_Date,Seniority_years,Wage_hour
1,Marketing,43,H,Master,8,114178,36.6,2,4,85,23,10,43,1667,2022-10-05,2.2,59.99
2,Finance,42,F,Licence,24,41094,34.9,5,5,16,17,12,8,909,2017-03-05,7.8,22.64
3,Ventes,27,H,Master,28,117959,37.8,2,1,9,20,1,66,8467,2021-10-15,3.1,60.01
4,Finance,27,F,Bac,24,63418,39.4,3,1,13,26,7,53,9083,2019-03-04,5.8,30.95
5,Finance,25,F,Bac,27,35741,43.3,2,2,28,21,17,25,8204,2017-01-30,7.8,15.87
6,IT,51,F,Licence,21,102374,38.5,4,8,27,10,10,84,5122,2021-01-03,3.9,51.14
7,Ventes,32,H,Doctorat,5,98798,35.2,2,7,51,12,6,93,8153,2021-12-03,3.0,53.98
8,Ventes,51,F,Bac,4,100532,43.1,5,10,64,7,17,91,973,2016-03-10,8.7,44.86
9,Ventes,52,F,Doctorat,24,52164,33.9,2,9,52,26,18,99,4270,2019-03-23,5.7,29.59
10,Finance,45,F,Licence,9,65595,29.8,3,5,81,0,5,25,1408,2020-07-31,4.3,42.33
11,Marketing,30,H,Doctorat,7,60257,44.0,3,2,38,16,18,33,2288,2019-09-03,5.3,26.34
12,Ventes,24,Autre,Doctorat,6,44211,43.7,2,7,65,11,17,7,8738,2015-03-10,9.7,19.46
13,R&D,52,H,Doctorat,6,35232,34.0,3,8,18,3,16,9,1218,2019-06-18,5.5,19.93
14,Finance,61,H,Doctorat,5,97753,36.0,3,7,63,20,8,47,1420,2020-03-19,4.7,52.22
15,IT,58,H,Licence,20,82691,33.4,5,7,51,12,13,54,9646,2023-01-01,1.9,47.61
16,Marketing,57,F,Bac,28,119765,39.6,4,5,9,28,16,53,3377,2021-02-11,3.8,58.16
17,R&D,45,H,Master,19,109768,46.7,5,2,13,8,11,77,7501,2023-01-30,1.8,45.2
18,R&D,52,H,Doctorat,2,55613,41.5,1,6,40,26,6,39,4098,2022-06-22,2.5,25.77
19,IT,27,H,Bac,18,44026,43.2,5,4,55,29,3,14,2738,2021-03-01,3.8,19.6
20,Marketing,23,H,Bac,21,83535,42.1,2,10,79,6,1,80,7619,2016-07-07,8.4,38.16
21,Finance,41,F,Licence,14,60908,38.0,4,2,43,22,18,17,1842,2020-08-22,4.3,30.82
22,RH,49,F,Bac,3,82113,43.4,2,9,44,23,5,95,8938,2022-06-06,2.5,36.38
23,Marketing,32,H,Licence,27,49610,41.7,1,7,68,4,13,22,2816,2018-07-21,6.4,22.88
24,IT,25,H,Doctorat,11,76646,45.2,4,6,33,4,10,61,9063,2020-09-29,4.2,32.61
25,R&D,36,F,Doctorat,5,93185,35.7,3,5,24,16,5,45,494,2016-05-14,8.6,50.2
26,Finance,27,H,Master,18,102567,29.3,5,3,36,29,14,86,6560,2021-08-13,3.3,67.32
27,Marketing,51,H,Master,3,77574,43.2,2,10,10,8,17,98,5510,2022-08-03,2.3,34.53
28,RH,59,Autre,Master,14,66182,39.7,1,10,20,5,1,38,3444,2021-08-01,3.3,32.06
29,RH,23,F,Bac,8,30570,36.5,3,4,75,24,2,14,9267,2023-06-02,1.5,16.11
30,Ventes,36,H,Doctorat,4,49288,36.8,5,3,12,18,7,52,7543,2022-12-04,2.0,25.76
31,Ventes,32,F,Licence,12,108824,50.8,3,8,62,15,10,87,7562,2019-03-10,5.7,41.2
32,IT,29,H,Master,22,59877,34.8,5,3,18,20,7,63,3994,2021-04-22,3.6,33.09
33,Marketing,47,F,Licence,25,114425,33.7,4,7,94,1,16,62,7253,2023-10-27,1.1,65.3
34,Marketing,26,H,Licence,17,30917,38.4,3,7,63,9,5,91,45,2019-02-20,5.8,15.48
35,R&D,27,H,Master,29,105602,43.9,3,7,84,15,12,79,2057,2015-10-06,9.2,46.26
36,R&D,47,H,Doctorat,29,94575,49.4,3,7,25,4,17,15,663,2017-12-18,7.0,36.82
37,R&D,25,F,Master,4,102518,41.3,4,2,12,14,16,69,4668,2016-03-21,8.7,47.74
38,Ventes,40,F,Licence,24,69104,31.6,1,10,21,12,16,65,2029,2020-11-30,4.0,42.05
39,Marketing,41,H,Master,15,48062,47.9,5,3,25,12,19,12,5717,2017-04-15,7.6,19.3
40,Marketing,54,H,Licence,26,46999,37.9,3,10,11,12,15,46,2696,2017-01-24,7.9,23.85
41,RH,41,F,Licence,18,91845,33.8,4,9,64,14,12,8,8831,2020-01-20,4.9,52.26
42,Ventes,33,H,Master,13,39941,32.6,1,3,73,13,10,62,2663,2019-05-12,5.6,23.56
43,Finance,22,H,Bac,24,91169,42.2,5,2,50,7,2,33,2745,2019-02-21,5.8,41.55
44,Ventes,47,Autre,Master,29,53470,39.2,4,9,62,10,7,80,5004,2018-12-01,6.0,26.23
45,Finance,35,H,Bac,15,89821,39.7,5,10,89,17,13,90,6321,2021-08-11,3.3,43.51
46,RH,59,F,Licence,26,116669,44.4,3,9,99,23,3,28,5125,2017-12-19,7.0,50.53
47,IT,58,Autre,Licence,14,74435,34.0,1,4,96,3,15,36,4948,2021-07-04,3.4,42.1
48,Marketing,32,H,Bac,21,34529,44.8,4,9,49,25,1,42,4402,2022-08-07,2.3,14.82
49,RH,57,H,Licence,3,113055,35.4,1,3,14,9,3,85,3427,2023-05-12,1.6,61.42
50,Marketing,34,H,Bac,6,42192,48.8,3,7,1,0,10,63,5912,2019-05-10,5.6,16.63
51,R&D,64,F,Bac,15,104102,41.0,1,7,81,28,15,23,394,2020-03-23,4.7,48.83
52,IT,24,F,Licence,23,102762,33.4,1,8,25,4,6,70,3597,2022-07-30,2.4,59.17
53,IT,54,F,Doctorat,21,116795,27.9,2,10,59,12,15,33,329,2023-08-01,1.3,80.5
54,RH,27,H,Bac,20,64087,42.0,1,4,72,0,7,47,772,2021-02-09,3.8,29.34
55,IT,31,F,Master,21,96677,36.1,5,3,69,22,5,11,8135,2017-10-19,7.1,51.5
56,Finance,26,F,Master,20,34627,37.2,4,3,5,7,4,22,1645,2021-06-16,3.5,17.9
57,IT,44,F,Licence,7,86541,41.8,2,5,99,2,18,78,9924,2019-04-11,5.7,39.81
58,Marketing,31,F,Doctorat,16,98226,43.1,4,1,19,2,3,96,1787,2015-06-26,9.4,43.83
59,Marketing,23,F,Licence,15,33255,44.1,4,10,23,6,17,12,9815,2023-08-11,1.3,14.5
60,Marketing,34,F,Doctorat,26,87433,32.1,3,3,9,3,18,86,999,2017-04-26,7.6,52.38
61,Marketing,61,F,Bac,22,35213,45.1,3,6,94,2,18,95,1848,2023-11-13,1.1,15.01
62,Finance,23,H,Bac,9,49404,35.1,2,3,50,14,2,44,1561,2018-06-02,6.5,27.07
63,Ventes,41,H,Bac,9,55380,26.7,3,5,16,7,13,98,773,2019-05-20,5.5,39.89
64,R&D,22,F,Bac,26,49173,32.1,3,9,33,2,15,64,7311,2019-05-24,5.5,29.46
65,RH,58,H,Master,1,83027,39.1,3,2,2,28,5,46,5179,2020-05-29,4.5,40.84
66,Marketing,30,F,Master,29,53989,33.1,4,2,14,29,3,57,1803,2020-08-18,4.3,31.37
67,IT,38,Autre,Licence,8,54519,37.6,2,6,1,6,5,4,9290,2015-08-24,9.3,27.88
68,Marketing,30,F,Doctorat,16,52439,39.7,4,6,90,17,5,76,2050,2016-12-10,8.0,25.4
69,IT,32,H,Bac,10,106949,37.1,5,8,58,10,5,4,9790,2023-02-19,1.8,55.44
70,R&D,36,H,Bac,9,44995,35.5,4,2,89,10,3,59,747,2022-06-25,2.4,24.37
71,R&D,45,H,Doctorat,21,53559,31.7,5,9,16,16,3,95,8125,2017-03-04,7.8,32.49
72,R&D,59,F,Doctorat,24,119049,38.1,1,2,79,27,18,20,5860,2023-06-27,1.4,60.09
73,IT,56,F,Licence,16,35021,27.7,1,1,90,5,4,23,3973,2022-10-26,2.1,24.31
74,Marketing,51,F,Doctorat,3,51119,34.6,5,10,47,7,1,17,9745,2020-04-18,4.6,28.41
75,R&D,52,H,Bac,15,81539,33.4,5,2,44,0,16,20,1615,2019-07-28,5.4,46.95
76,Finance,26,F,Bac,19,69350,36.8,4,7,80,28,8,53,3754,2015-01-27,9.9,36.24
77,IT,35,F,Bac,14,76223,36.9,5,8,14,9,17,9,5506,2022-02-10,2.8,39.72
78,IT,32,H,Bac,24,55517,42.8,2,5,93,27,8,23,4221,2023-12-12,1.0,24.94
79,Marketing,30,F,Bac,26,108653,45.9,1,6,24,24,7,84,5291,2018-05-11,6.6,45.52
80,IT,55,H,Licence,20,52250,32.4,1,1,55,18,8,88,5854,2015-03-26,9.7,31.01
81,IT,33,H,Bac,4,114486,48.0,5,6,15,2,12,59,216,2020-01-30,4.8,45.87
82,R&D,56,F,Licence,5,112895,34.1,3,8,83,3,16,56,1359,2023-06-29,1.4,63.67
83,Marketing,56,H,Bac,16,119132,38.9,3,3,72,10,12,22,3774,2021-11-18,3.0,58.89
84,R&D,22,F,Master,0,96798,40.6,5,1,34,14,19,21,5417,2018-01-27,6.9,45.85
85,R&D,61,F,Master,24,84199,50.2,2,4,2,0,10,67,4927,2018-04-28,6.6,32.26
86,Marketing,43,F,Master,18,89546,35.3,3,1,27,8,7,33,4429,2015-01-12,9.9,48.78
87,RH,50,H,Master,3,118151,29.0,5,8,74,10,12,69,4606,2017-10-09,7.2,78.35
88,R&D,29,F,Licence,16,33327,45.5,2,5,99,18,5,27,4478,2023-06-29,1.4,14.09
89,Finance,32,F,Licence,8,59768,33.8,2,1,87,12,16,94,1896,2019-10-15,5.1,34.01
90,Finance,62,F,Doctorat,23,94418,36.2,4,8,72,25,9,98,7366,2023-07-07,1.4,50.16
91,IT,58,H,Bac,1,72788,32.4,2,9,92,15,7,38,4427,2020-02-20,4.8,43.2
92,Finance,35,H,Master,7,112384,36.2,3,10,23,3,14,41,5361,2022-03-04,2.8,59.7
93,IT,51,F,Licence,14,76830,33.8,3,2,68,0,11,22,9091,2018-08-10,6.3,43.71
94,RH,56,H,Bac,6,82446,41.4,5,9,14,19,7,69,641,2018-10-15,6.1,38.3
95,Marketing,42,F,Bac,26,45160,38.4,5,8,63,12,10,79,5346,2019-08-06,5.3,22.62
96,Marketing,58,F,Licence,5,86583,34.6,2,7,93,0,9,1,4729,2023-02-09,1.8,48.12
97,Marketing,26,F,Master,0,63998,43.0,1,3,65,4,4,23,3627,2015-06-29,9.4,28.62
98,Finance,40,F,Doctorat,14,57230,39.3,4,2,68,4,16,16,6594,2017-03-07,7.8,28.0
99,RH,35,F,Bac,22,39076,28.8,1,7,63,13,10,64,8387,2023-09-19,1.2,26.09
100,Finance,47,F,Doctorat,25,99341,42.6,2,5,96,26,19,69,3275,2019-01-07,5.9,44.85
101,Finance,25,F,Master,6,61085,38.9,2,6,97,22,17,68,4050,2023-06-20,1.5,30.2
102,RH,46,F,Master,28,85571,45.0,1,4,90,13,9,59,4553,2023-10-22,1.1,36.57
103,RH,63,H,Doctorat,29,44715,38.6,4,2,81,7,13,49,4925,2020-07-17,4.4,22.28
104,RH,46,H,Master,24,35750,34.0,1,9,87,3,1,92,2304,2023-10-23,1.1,20.22
105,RH,39,F,Bac,16,108768,37.0,5,3,64,6,2,11,3343,2021-10-24,3.1,56.53
106,Marketing,61,H,Doctorat,1,65903,42.0,3,7,32,19,13,46,2056,2017-06-05,7.5,30.18
107,Ventes,29,H,Master,26,102489,34.1,5,8,79,18,9,66,2808,2021-10-04,3.2,57.8
108,Ventes,60,H,Doctorat,8,62093,35.8,3,2,13,14,7,64,7092,2018-04-04,6.7,33.35
109,RH,61,F,Bac,28,117954,36.9,2,6,66,21,16,26,9416,2019-08-03,5.3,61.47
110,Ventes,35,F,Master,8,64314,32.3,4,8,19,3,19,47,7226,2023-12-19,1.0,38.29
111,Ventes,53,F,Bac,12,78225,34.2,1,7,24,29,7,87,886,2019-02-28,5.8,43.99
112,RH,59,F,Master,5,117985,38.9,4,3,88,18,6,61,8584,2021-11-20,3.0,58.33
113,Ventes,54,F,Licence,5,113014,44.0,1,1,11,8,18,43,9867,2022-07-23,2.4,49.39
114,Finance,44,H,Master,19,65179,39.6,5,6,59,20,19,18,7720,2021-08-29,3.3,31.65
115,IT,36,F,Doctorat,19,55338,37.8,5,8,86,12,11,58,2446,2021-06-19,3.5,28.15
116,IT,54,H,Master,20,99681,33.8,1,6,15,13,12,7,3905,2017-02-09,7.8,56.71
117,RH,46,F,Bac,2,62101,43.5,4,5,10,22,10,54,6474,2018-07-02,6.4,27.45
118,Marketing,38,F,Bac,16,32775,40.2,1,8,41,27,13,46,3591,2017-08-16,7.3,15.68
119,RH,54,H,Master,16,75619,34.5,2,2,27,13,12,1,2181,2017-07-05,7.4,42.15
120,Marketing,23,H,Doctorat,11,75838,42.5,5,1,60,21,10,93,5011,2020-09-01,4.3,34.32
121,IT,35,H,Licence,15,49539,40.8,2,1,73,9,18,93,5030,2019-11-17,5.1,23.35
122,RH,61,H,Doctorat,14,87124,33.9,5,4,52,15,4,38,354,2015-12-05,9.0,49.42
123,R&D,61,H,Licence,12,95149,37.5,5,6,28,4,5,44,2631,2019-02-25,5.8,48.79
124,Finance,60,F,Bac,22,56616,35.5,3,9,65,22,5,31,1521,2022-11-10,2.1,30.67
125,Ventes,27,F,Doctorat,0,109655,51.2,2,1,17,26,12,64,2672,2021-08-10,3.3,41.19
126,Marketing,27,F,Licence,16,84567,40.7,2,1,95,5,3,37,2337,2018-10-27,6.1,39.96
127,R&D,24,F,Master,2,67099,38.9,3,5,44,25,8,76,6968,2017-07-03,7.4,33.17
128,Ventes,28,F,Bac,25,105831,40.4,4,10,10,1,2,10,628,2020-01-28,4.9,50.38
129,Ventes,29,F,Master,14,91799,44.9,2,5,63,12,18,9,7162,2016-04-19,8.6,39.32
130,RH,63,H,Bac,3,55479,37.6,1,5,93,28,9,58,2679,2018-12-17,6.0,28.38
131,Ventes,36,F,Doctorat,3,76172,35.1,3,10,82,12,13,89,5266,2018-10-11,6.2,41.73
132,Finance,50,H,Doctorat,17,85863,42.2,2,6,47,18,7,54,4422,2019-01-23,5.9,39.13
133,R&D,54,Autre,Bac,16,72043,37.1,4,8,38,17,10,19,9630,2020-09-05,4.2,37.34
134,Ventes,51,F,Bac,18,112569,32.7,2,3,70,27,9,80,7463,2023-03-09,1.7,66.2
135,RH,60,F,Bac,10,45408,31.7,5,9,76,18,15,16,9613,2022-10-20,2.1,27.55
136,Finance,48,H,Doctorat,19,87980,45.6,1,1,53,0,5,67,1126,2017-03-11,7.7,37.1
137,IT,57,F,Licence,2,112956,38.7,3,4,78,7,12,4,1780,2022-12-17,2.0,56.13
138,R&D,50,F,Master,7,46351,35.1,5,9,44,21,1,59,9723,2018-05-31,6.5,25.4
139,Ventes,59,H,Master,13,34131,36.8,4,8,74,15,12,22,9424,2017-05-13,7.6,17.84
140,RH,54,H,Doctorat,25,74825,42.0,5,10,54,28,6,45,6571,2022-06-30,2.4,34.26
141,IT,58,F,Master,0,41349,36.5,5,9,20,1,19,51,8584,2018-03-17,6.7,21.79
142,IT,48,H,Bac,13,90931,30.8,4,1,79,7,19,9,825,2017-01-08,7.9,56.78
143,Marketing,54,F,Licence,1,74254,39.6,5,9,31,5,16,45,7276,2018-10-06,6.2,36.06
144,Finance,25,H,Master,28,68225,44.0,3,3,7,15,19,27,2395,2023-12-02,1.0,29.82
145,Ventes,43,H,Licence,22,42453,43.7,2,10,58,22,3,96,4145,2021-09-28,3.2,18.68
146,RH,23,F,Bac,3,48814,35.2,5,9,10,10,10,42,7059,2017-09-08,7.2,26.67
147,Marketing,31,H,Master,23,48263,44.3,3,1,10,16,18,25,5492,2021-10-12,3.1,20.95
148,Finance,26,F,Doctorat,26,107694,39.1,2,1,39,22,13,54,7111,2020-09-19,4.2,52.97
149,Marketing,31,H,Licence,28,45735,44.2,2,9,28,18,18,47,9984,2023-01-31,1.8,19.9
150,R&D,54,H,Bac,18,45830,40.9,5,6,30,10,3,28,6792,2017-10-08,7.2,21.55
151,Finance,59,F,Licence,5,77893,30.4,3,4,37,27,3,26,9555,2022-07-13,2.4,49.27
152,Finance,34,F,Master,24,74673,46.7,5,7,67,7,12,17,3551,2020-10-27,4.1,30.75
153,Ventes,52,F,Master,0,119462,38.3,4,5,43,21,7,59,7711,2016-12-17,8.0,59.98
154,Finance,57,F,Doctorat,16,75066,40.9,2,10,79,3,8,73,3628,2019-12-13,5.0,35.3
155,Marketing,45,F,Bac,7,33373,31.3,5,7,85,10,9,68,1565,2022-02-04,2.8,20.5
156,Finance,36,H,Bac,18,40335,40.5,2,8,52,7,14,73,3667,2019-01-13,5.9,19.15
157,Ventes,50,H,Doctorat,20,53741,43.5,3,8,56,8,5,20,6459,2021-11-26,3.0,23.76
158,Ventes,29,F,Doctorat,0,40692,47.7,1,1,76,25,19,23,4096,2018-03-11,6.7,16.41
159,R&D,26,F,Bac,4,77295,45.0,5,8,68,1,16,2,1019,2021-05-30,3.5,33.03
160,Marketing,50,F,Licence,26,75541,40.8,5,6,9,15,12,94,7928,2016-09-01,8.3,35.61
161,IT,25,H,Licence,15,64057,30.3,2,4,92,5,4,61,9476,2020-12-23,4.0,40.66
162,IT,33,H,Doctorat,5,96983,38.7,3,8,23,20,8,1,8254,2021-12-06,3.0,48.19
163,Finance,23,F,Licence,7,49583,35.0,4,3,63,20,7,65,5965,2019-12-18,5.0,27.24
164,R&D,48,F,Bac,12,52765,39.2,3,4,61,25,15,41,2269,2018-08-28,6.3,25.89
165,RH,52,F,Master,15,89287,31.9,5,6,40,26,6,33,8835,2022-11-01,2.1,53.83
166,Finance,57,F,Master,29,53906,36.9,4,7,44,18,5,41,4721,2016-07-08,8.4,28.09
167,R&D,57,F,Licence,2,115103,35.4,3,4,86,27,14,19,8408,2019-07-14,5.4,62.53
168,Marketing,47,H,Doctorat,18,109675,35.3,1,4,24,7,13,96,195,2019-10-22,5.1,59.75
169,Marketing,64,H,Doctorat,11,76525,35.3,2,7,51,13,10,67,3273,2015-02-15,9.8,41.69
170,Marketing,48,H,Doctorat,15,68230,37.3,3,6,58,23,18,44,5110,2018-06-13,6.5,35.18
171,Marketing,26,H,Doctorat,26,49520,39.4,3,8,90,15,4,74,7401,2017-12-07,7.0,24.17
172,Marketing,41,F,Doctorat,10,115238,25.5,1,1,94,11,8,41,3212,2021-02-23,3.8,86.91
173,R&D,32,H,Licence,9,81934,26.1,5,10,33,4,11,46,2755,2020-11-01,4.1,60.37
174,R&D,31,F,Master,24,55566,36.3,2,7,16,23,17,4,1521,2016-06-26,8.4,29.44
175,Ventes,61,H,Master,19,103193,37.0,3,7,22,25,18,88,5674,2023-11-07,1.1,53.63
176,IT,59,H,Licence,3,60134,38.9,4,7,57,23,11,48,1080,2018-12-22,6.0,29.73
177,Marketing,27,H,Doctorat,11,40345,34.4,3,7,62,18,16,36,5623,2020-10-19,4.1,22.55
178,RH,29,H,Licence,22,71185,38.0,2,10,82,17,12,33,721,2022-01-11,2.9,36.02
179,R&D,44,F,Master,1,100744,38.6,3,10,71,8,13,72,1562,2020-06-15,4.5,50.19
180,RH,47,H,Bac,23,63455,34.3,1,8,90,1,16,69,639,2023-01-24,1.9,35.58
181,RH,64,F,Licence,21,58018,43.1,3,9,72,24,1,17,4260,2017-07-01,7.4,25.89
182,RH,33,H,Doctorat,18,84219,38.9,3,9,70,19,16,77,5190,2023-07-21,1.4,41.63
183,Ventes,47,H,Master,24,75991,40.7,4,2,30,11,15,18,3736,2017-12-04,7.0,35.91
184,R&D,34,H,Master,4,103616,38.3,1,7,23,28,6,77,7746,2021-05-29,3.5,52.03
185,RH,61,F,Master,7,117438,48.5,1,7,32,1,12,39,89,2023-03-05,1.8,46.57
186,Marketing,39,F,Master,6,39486,41.0,3,4,86,9,8,16,1251,2017-03-22,7.7,18.52
187,Finance,46,H,Doctorat,13,68862,35.6,4,9,57,0,7,59,9294,2019-01-28,5.9,37.2
188,RH,54,H,Bac,23,88870,42.1,3,8,9,3,2,98,4703,2020-03-23,4.7,40.59
189,Ventes,61,F,Master,22,116694,29.8,3,1,31,24,12,92,348,2019-04-23,5.6,75.31
190,R&D,64,H,Licence,2,73856,38.6,2,2,71,11,14,41,4052,2017-05-16,7.6,36.8
191,Ventes,33,H,Bac,17,116055,39.6,2,2,9,8,16,80,2941,2021-08-24,3.3,56.36
192,RH,57,F,Master,15,61379,38.7,4,8,13,3,11,71,8437,2023-05-13,1.6,30.5
193,R&D,25,F,Bac,22,94729,36.3,5,1,58,8,9,64,271,2019-11-02,5.1,50.18
194,Finance,26,H,Licence,18,58378,32.9,2,4,3,27,10,52,2030,2021-04-28,3.6,34.12
195,RH,58,F,Master,18,84353,34.1,5,10,35,5,17,99,7836,2016-08-02,8.3,47.57
196,Ventes,29,F,Licence,17,79996,38.5,1,5,97,0,12,6,9657,2023-11-25,1.0,39.96
197,IT,63,H,Doctorat,19,44031,32.4,2,9,21,9,6,4,9387,2021-08-01,3.3,26.13
198,Marketing,49,F,Master,15,110072,46.9,2,7,64,28,19,23,7041,2018-12-13,6.0,45.13
199,Ventes,52,F,Master,7,95982,24.8,4,8,95,13,11,27,5175,2016-11-28,8.0,74.43
200,R&D,30,H,Master,27,66683,36.4,5,9,52,21,9,61,9806,2020-05-30,4.5,35.23
201,RH,50,H,Master,0,47618,38.6,2,7,34,24,6,16,1126,2023-12-17,1.0,23.72
202,Marketing,35,H,Doctorat,16,36587,40.5,2,5,96,28,16,19,4379,2023-06-12,1.5,17.37
203,RH,61,F,Master,11,92790,33.4,4,5,35,17,16,2,8708,2021-10-26,3.1,53.43
204,R&D,62,H,Bac,29,61480,43.7,4,10,15,5,6,36,9493,2016-12-26,7.9,27.06
205,RH,43,F,Master,20,50527,31.0,5,6,96,17,5,89,8052,2015-10-13,9.2,31.34
206,IT,32,F,Doctorat,10,53569,35.2,1,5,6,19,4,14,611,2020-03-06,4.8,29.27
207,Marketing,44,H,Master,4,41151,41.1,1,9,85,15,2,50,749,2016-07-23,8.4,19.25
208,Marketing,22,F,Bac,26,101094,43.2,3,3,97,14,6,47,1856,2022-11-27,2.0,45.0
209,R&D,58,H,Doctorat,11,89174,31.0,2,3,32,15,9,7,8591,2020-05-18,4.6,55.32
210,IT,42,F,Doctorat,16,74739,51.2,5,7,52,7,17,12,1526,2019-02-22,5.8,28.07
211,Ventes,47,F,Bac,5,62954,33.5,2,7,83,12,14,47,6229,2016-05-12,8.6,36.14
212,RH,57,H,Bac,0,65303,31.4,5,6,97,22,7,2,8511,2020-04-01,4.7,39.99
213,Finance,44,H,Bac,4,64700,40.5,5,3,28,10,19,64,8527,2016-12-05,8.0,30.72
214,RH,22,H,Bac,24,97568,36.3,5,7,95,27,1,72,2098,2018-09-18,6.2,51.69
215,RH,61,H,Bac,27,96788,35.5,2,5,85,28,15,30,7865,2016-07-15,8.4,52.43
216,Ventes,36,H,Doctorat,13,101045,41.0,4,7,98,24,18,25,173,2020-06-21,4.5,47.39
217,RH,42,H,Doctorat,4,67842,30.4,2,2,64,6,3,80,9833,2015-02-01,9.8,42.92
218,IT,30,Autre,Master,21,43900,29.5,5,6,79,16,18,55,500,2015-02-12,9.8,28.62
219,IT,30,H,Master,23,110059,35.0,3,8,78,17,2,33,3646,2020-03-31,4.7,60.47
220,Marketing,31,H,Licence,26,31881,43.4,1,1,19,21,10,8,6219,2018-10-06,6.2,14.13
221,R&D,47,F,Master,0,63037,35.2,5,4,15,22,11,61,2363,2020-01-20,4.9,34.44
222,Finance,62,H,Master,29,31630,46.0,3,1,6,18,3,12,7540,2016-07-12,8.4,13.22
223,RH,56,Autre,Bac,17,50789,44.0,4,1,73,24,7,68,1896,2021-05-06,3.6,22.2
224,RH,46,F,Bac,15,118059,39.4,5,10,84,12,8,40,5759,2018-12-07,6.0,57.62
225,Ventes,47,F,Master,8,113494,39.7,3,8,98,14,19,76,9910,2017-07-31,7.4,54.98
226,R&D,32,H,Licence,18,76151,39.4,5,7,38,22,18,0,1778,2019-05-18,5.6,37.17
227,IT,59,H,Bac,21,78920,38.8,2,10,26,29,13,88,3057,2023-06-18,1.5,39.12
228,Finance,23,H,Master,4,97231,36.2,3,1,82,21,13,46,5190,2018-10-02,6.2,51.65
229,Marketing,28,F,Master,26,110357,36.7,2,2,92,28,19,3,6997,2020-04-12,4.6,57.83
230,IT,39,H,Doctorat,1,33262,32.7,2,4,51,21,12,99,4747,2019-06-25,5.4,19.56
231,R&D,48,H,Licence,29,96981,26.9,3,1,73,0,17,62,9286,2020-09-15,4.2,69.33
232,Marketing,55,Autre,Doctorat,14,111972,43.5,1,3,96,28,12,51,45,2015-04-02,9.7,49.5
233,Ventes,48,H,Licence,6,105485,38.8,3,8,53,15,13,9,7758,2020-01-18,4.9,52.28
234,Ventes,38,H,Bac,3,84722,38.0,1,8,56,4,12,27,9637,2015-07-04,9.4,42.88
235,RH,64,H,Licence,0,119499,40.0,5,8,59,25,19,5,7053,2016-12-28,7.9,57.45
236,R&D,45,Autre,Master,12,80818,33.9,5,6,70,2,14,26,3201,2017-11-17,7.1,45.85
237,Finance,46,H,Master,19,59932,33.0,3,6,78,22,7,11,455,2019-04-21,5.6,34.93
238,Marketing,28,F,Licence,21,36901,36.6,5,5,92,9,13,61,9854,2021-08-16,3.3,19.39
239,IT,27,F,Licence,6,38597,44.8,4,9,58,18,6,51,2924,2017-04-11,7.7,16.57
240,R&D,45,H,Licence,14,93909,32.2,2,4,88,4,19,47,7798,2015-12-11,9.0,56.09
241,R&D,54,F,Doctorat,22,102391,24.9,2,10,13,6,19,66,965,2018-12-13,6.0,79.08
242,Ventes,50,H,Licence,13,114214,35.4,1,7,43,13,4,45,4964,2018-05-04,6.6,62.05
243,RH,64,H,Bac,22,38263,43.7,5,1,76,2,19,96,1528,2020-10-26,4.1,16.84
244,RH,43,F,Doctorat,18,93293,29.3,1,9,51,12,9,73,2976,2015-06-16,9.5,61.23
245,Marketing,47,F,Doctorat,21,55805,32.1,2,7,19,12,16,94,3071,2023-08-28,1.3,33.43
246,Ventes,49,F,Licence,28,41874,39.3,2,10,21,9,4,14,4869,2015-09-21,9.2,20.49
247,R&D,42,F,Bac,23,116402,50.8,5,9,91,1,6,70,6387,2019-02-04,5.8,44.06
248,Finance,28,H,Doctorat,19,44079,31.2,4,7,83,5,8,35,2521,2018-05-16,6.6,27.17
249,Ventes,38,H,Master,28,79850,31.0,4,2,24,7,16,13,6525,2022-08-03,2.3,49.53
250,Marketing,41,H,Doctorat,23,102779,39.7,5,6,26,3,5,77,1126,2018-07-10,6.4,49.79
251,Marketing,62,H,Licence,17,39018,44.0,5,10,45,24,10,2,6632,2019-03-10,5.7,17.05
252,Ventes,41,H,Bac,9,79500,34.9,1,4,28,11,13,66,5773,2019-12-14,5.0,43.81
253,Marketing,43,H,Licence,8,42100,29.9,5,3,82,27,14,85,7716,2022-01-03,2.9,27.08
254,Ventes,49,H,Master,24,87021,40.2,4,2,29,14,7,18,3404,2020-02-21,4.8,41.63
255,IT,61,H,Master,7,49800,41.1,5,6,17,7,6,98,4492,2019-10-16,5.1,23.3
256,Ventes,28,F,Master,25,93400,46.9,1,8,68,6,7,75,2343,2020-03-24,4.7,38.3
257,Ventes,22,F,Licence,29,59437,41.3,1,6,44,13,5,53,106,2022-03-08,2.7,27.68
258,Marketing,53,H,Doctorat,28,106537,42.1,1,9,61,22,18,68,3154,2022-08-01,2.3,48.66
259,Marketing,34,F,Licence,9,76675,36.7,1,5,93,18,12,9,4053,2018-08-28,6.3,40.18
260,RH,51,F,Bac,16,49942,50.2,3,2,68,13,6,32,4801,2018-04-12,6.7,19.13
261,RH,44,H,Doctorat,1,50862,36.0,5,8,74,21,1,12,6139,2021-10-14,3.1,27.17
262,IT,40,F,Master,5,41669,34.9,2,9,25,12,4,98,5580,2017-02-06,7.8,22.96
263,RH,53,F,Licence,25,83772,47.0,5,10,95,28,19,50,214,2021-11-15,3.1,34.28
264,Ventes,51,F,Master,4,45916,30.6,3,4,67,20,12,31,5400,2015-04-11,9.7,28.86
265,Marketing,50,H,Master,27,40878,28.8,1,6,2,0,15,74,6875,2023-06-15,1.5,27.3
266,RH,50,F,Bac,29,32985,38.6,3,10,89,26,3,23,4289,2019-09-29,5.2,16.43
267,RH,51,H,Doctorat,8,103648,38.0,4,8,49,18,8,34,4253,2020-04-03,4.7,52.45
268,IT,37,F,Bac,4,71235,36.9,4,9,70,28,11,82,8656,2021-04-10,3.7,37.12
269,R&D,61,F,Bac,17,48931,43.0,5,5,26,27,16,69,6247,2018-10-03,6.2,21.88
270,IT,40,F,Bac,25,30336,33.5,5,6,72,0,9,39,6177,2015-04-15,9.6,17.41
271,Ventes,39,F,Master,19,72933,38.3,2,4,99,3,3,53,7269,2016-11-24,8.0,36.62
272,Marketing,22,F,Bac,8,114899,36.2,2,5,27,9,5,43,2372,2019-08-18,5.3,61.04
273,IT,35,H,Bac,16,75536,33.5,4,7,89,2,14,61,6834,2018-08-03,6.3,43.36
274,RH,23,H,Doctorat,26,99504,37.7,1,9,18,26,15,98,8783,2023-11-15,1.1,50.76
275,Marketing,49,F,Doctorat,16,81148,42.3,3,10,54,19,6,67,6617,2017-12-06,7.0,36.89
276,Marketing,51,H,Bac,11,46279,48.6,2,6,1,8,4,32,5150,2017-12-02,7.0,18.31
277,RH,59,H,Doctorat,6,98665,40.9,2,6,61,2,8,76,9075,2017-03-28,7.7,46.39
278,IT,25,H,Doctorat,26,101386,25.4,1,8,3,27,19,55,8102,2021-03-18,3.7,76.76
279,RH,22,H,Bac,2,116124,37.8,1,4,68,5,5,35,4158,2019-03-17,5.7,59.08
280,R&D,29,F,Master,9,107485,38.2,5,3,41,5,13,53,7727,2020-12-31,3.9,54.11
281,Marketing,50,F,Bac,1,104055,42.7,3,7,37,22,16,18,5206,2017-06-08,7.5,46.86
282,Finance,60,F,Doctorat,24,107273,38.9,1,5,51,24,1,42,303,2023-06-27,1.4,53.03
283,Finance,24,F,Master,2,96670,44.3,2,2,15,11,13,11,333,2020-02-21,4.8,41.96
284,Ventes,53,H,Licence,15,106474,40.0,2,2,8,22,11,10,4506,2020-02-17,4.8,51.19
285,RH,31,H,Master,1,84028,45.8,4,6,38,29,8,69,2331,2017-02-28,7.8,35.28
286,RH,31,F,Doctorat,27,101128,35.8,1,8,83,0,8,11,4561,2016-07-06,8.4,54.32
287,Ventes,40,H,Master,23,48108,38.7,5,1,56,15,14,90,79,2017-04-23,7.6,23.91
288,Ventes,55,F,Bac,9,82495,42.1,3,6,47,23,13,40,3763,2016-10-20,8.1,37.68
289,Ventes,54,F,Licence,5,112806,35.1,5,2,90,4,3,24,5196,2022-11-24,2.0,61.8
290,Marketing,44,H,Licence,21,106533,34.0,2,2,10,8,4,2,732,2017-10-15,7.1,60.26
291,R&D,49,F,Licence,25,86830,34.9,5,7,78,9,15,2,3976,2020-05-07,4.6,47.85
292,RH,53,F,Doctorat,10,104640,34.3,2,10,49,12,15,83,5659,2018-04-05,6.7,58.67
293,Marketing,28,F,Doctorat,22,82509,40.6,2,1,41,14,13,27,1384,2017-01-20,7.9,39.08
294,Ventes,50,H,Licence,6,96406,28.8,2,6,83,11,9,22,2124,2021-04-15,3.6,64.37
295,RH,29,H,Master,26,69519,30.2,2,7,30,4,10,47,6652,2017-02-13,7.8,44.27
296,Marketing,22,F,Licence,28,79649,47.3,2,8,5,4,12,66,5283,2022-09-12,2.2,32.38
297,R&D,24,H,Master,14,64524,34.4,4,7,95,27,14,41,7176,2018-10-12,6.2,36.07
298,Marketing,45,H,Master,5,63885,39.0,5,6,71,27,1,87,9390,2023-09-18,1.2,31.5
299,R&D,44,F,Doctorat,19,74369,30.6,4,9,83,29,14,39,6605,2016-11-22,8.0,46.74
300,Ventes,29,H,Master,26,60676,38.5,4,3,31,17,14,5,5707,2022-11-07,2.1,30.31
301,R&D,58,F,Licence,8,94093,34.4,1,6,52,11,8,19,2292,2016-12-19,8.0,52.6
302,RH,24,F,Doctorat,21,77764,30.2,1,4,88,26,16,10,8376,2015-08-22,9.3,49.52
303,Ventes,54,F,Bac,19,80799,44.7,1,2,98,2,14,95,997,2020-09-02,4.3,34.76
304,RH,49,H,Bac,11,109414,43.9,3,1,23,25,1,26,4664,2023-06-25,1.4,47.93
305,Finance,29,F,Doctorat,18,102307,37.5,1,1,48,24,16,20,2357,2018-11-05,6.1,52.47
306,IT,55,H,Licence,19,112062,43.0,5,10,40,6,18,12,5491,2017-10-02,7.2,50.12
307,R&D,56,H,Bac,2,61923,47.5,4,3,6,16,7,85,1679,2018-10-01,6.2,25.07
308,IT,53,F,Bac,14,108388,41.8,5,4,38,18,15,34,5715,2018-11-02,6.1,49.87
309,IT,45,H,Master,1,77574,40.4,1,2,41,27,17,46,4886,2022-01-13,2.9,36.93
310,R&D,35,H,Master,29,73391,39.0,3,1,27,17,19,85,7440,2020-08-26,4.3,36.19
311,Ventes,53,F,Licence,20,83664,41.2,3,4,75,0,13,27,6821,2021-04-11,3.7,39.05
312,Finance,64,H,Doctorat,1,97384,36.2,4,7,69,24,9,20,3527,2022-07-28,2.4,51.73
313,RH,37,H,Licence,21,61027,36.6,5,10,57,23,15,17,6813,2022-09-18,2.2,32.07
314,Marketing,25,F,Doctorat,2,65464,40.3,2,6,17,4,3,30,2745,2016-12-17,8.0,31.24
315,RH,58,F,Bac,5,64485,35.6,5,6,71,26,1,59,4090,2019-04-12,5.7,34.83
316,Marketing,42,F,Master,14,49456,36.2,1,9,91,27,16,36,6158,2019-09-08,5.2,26.27
317,RH,35,H,Licence,26,104795,38.0,2,2,47,1,8,20,8561,2018-05-10,6.6,53.03
318,R&D,52,H,Licence,9,65554,43.8,3,4,79,0,13,13,7471,2018-06-25,6.4,28.78
319,Finance,39,H,Doctorat,8,76922,32.3,4,5,13,6,8,88,3743,2020-12-05,4.0,45.8
320,Marketing,28,H,Doctorat,0,43409,41.8,4,1,11,28,17,90,9895,2015-01-09,9.9,19.97
321,Ventes,31,F,Licence,15,99327,42.0,3,8,90,10,14,59,7008,2016-08-20,8.3,45.48
322,RH,28,H,Doctorat,5,66639,41.9,1,8,86,10,7,22,3324,2015-01-23,9.9,30.59
323,RH,54,H,Licence,8,93627,34.0,3,6,92,17,15,94,8632,2020-06-13,4.5,52.96
324,Marketing,44,F,Licence,26,113424,29.5,1,5,24,16,16,28,3257,2021-04-06,3.7,73.94
325,Ventes,42,F,Licence,3,49692,40.8,2,8,93,1,19,46,226,2019-05-28,5.5,23.42
326,Ventes,40,F,Bac,26,119037,38.9,3,3,73,6,6,29,2401,2020-09-05,4.2,58.85
327,R&D,40,H,Doctorat,27,108840,43.0,1,3,4,6,1,89,4718,2023-04-20,1.6,48.68
328,R&D,57,H,Master,1,84200,34.5,2,2,46,9,12,83,1024,2018-01-09,6.9,46.93
329,R&D,50,H,Master,28,87415,41.8,3,5,18,21,18,37,5672,2021-02-24,3.8,40.22
330,R&D,39,H,Doctorat,3,48074,43.3,4,3,43,20,16,82,7727,2022-09-23,2.2,21.35
331,R&D,23,F,Licence,0,45549,37.5,3,3,80,2,12,26,5280,2015-04-02,9.7,23.36
332,R&D,22,F,Master,18,59963,40.1,5,6,33,29,13,88,870,2017-04-30,7.6,28.76
333,Finance,26,F,Master,25,82265,39.9,3,8,93,11,8,86,3199,2020-06-05,4.5,39.65
334,Ventes,41,F,Doctorat,24,46061,33.9,5,2,10,2,1,92,1745,2018-01-12,6.9,26.13
335,R&D,32,H,Master,9,88226,40.7,2,4,73,10,7,14,5270,2015-10-27,9.1,41.69
336,Ventes,63,F,Licence,20,58810,46.1,3,7,59,28,15,58,8635,2021-06-01,3.5,24.53
337,Ventes,23,H,Doctorat,14,90006,38.1,2,1,31,11,13,2,5886,2022-05-18,2.6,45.43
338,IT,24,F,Licence,26,52800,30.7,2,1,28,24,13,9,5590,2019-01-17,5.9,33.07
339,Finance,44,F,Master,21,105476,34.6,1,10,60,3,9,78,7897,2018-07-28,6.4,58.62
340,R&D,33,H,Master,18,99460,29.1,2,7,3,24,15,79,8664,2017-09-27,7.2,65.73
341,RH,41,H,Licence,15,87767,44.5,2,7,55,15,4,16,8271,2017-12-18,7.0,37.93
342,Marketing,26,Autre,Bac,20,58054,41.8,3,1,14,19,13,82,5158,2023-02-04,1.8,26.71
343,RH,58,H,Master,26,105319,35.5,3,1,58,17,12,10,8431,2022-12-28,1.9,57.05
344,Finance,59,H,Bac,23,75397,30.9,4,4,89,3,5,47,589,2018-09-27,6.2,46.92
345,Marketing,51,H,Master,21,43233,33.8,1,5,15,21,7,4,9552,2022-09-01,2.3,24.6
346,Finance,30,F,Bac,3,55068,34.8,2,5,2,5,8,68,1884,2021-07-17,3.4,30.43
347,Ventes,55,F,Bac,1,95727,38.5,1,4,24,20,5,63,5399,2020-10-10,4.2,47.82
348,Marketing,56,F,Bac,29,100453,38.4,5,8,78,14,9,13,8503,2017-02-14,7.8,50.31
349,Ventes,43,H,Licence,24,55832,44.7,2,7,64,0,14,49,1076,2022-04-26,2.6,24.02
350,RH,45,F,Bac,12,116242,34.5,1,9,71,2,12,25,7235,2018-12-23,6.0,64.79
351,RH,38,H,Bac,27,43682,30.5,4,7,24,4,4,71,6837,2019-08-09,5.3,27.54
352,Marketing,31,F,Bac,0,53383,32.2,4,10,27,21,8,68,33,2019-10-18,5.1,31.88
353,Marketing,51,F,Master,16,88160,37.9,2,1,37,29,17,6,1841,2021-04-22,3.6,44.73
354,R&D,44,H,Bac,12,53666,34.4,5,7,94,16,8,15,4481,2022-11-15,2.1,30.0
355,Finance,53,H,Master,3,88817,36.5,4,1,91,29,1,54,8440,2023-05-20,1.5,46.8
356,R&D,38,H,Bac,6,64642,35.7,4,7,39,13,2,77,1134,2020-01-26,4.9,34.82
357,Finance,38,H,Bac,16,71830,43.0,5,10,63,8,4,55,7261,2020-03-12,4.7,32.12
358,R&D,35,H,Licence,8,40234,35.1,1,8,79,29,1,3,5298,2019-09-26,5.2,22.04
359,Ventes,30,F,Master,3,87616,36.1,4,9,26,2,7,99,7017,2018-08-20,6.3,46.67
360,Marketing,61,F,Bac,18,39221,41.6,3,3,65,25,1,47,7771,2016-09-06,8.2,18.13
361,RH,23,H,Master,0,41410,35.2,4,4,4,12,9,16,8567,2015-09-02,9.3,22.62
362,Finance,46,H,Master,9,110055,40.1,1,4,29,2,3,35,8915,2017-01-26,7.9,52.78
363,Finance,60,H,Doctorat,3,91413,39.7,1,9,1,10,12,69,1913,2017-04-03,7.7,44.28
364,RH,30,F,Licence,8,31051,38.7,2,7,50,1,19,79,4297,2022-09-28,2.2,15.43
365,R&D,43,H,Licence,12,105301,32.3,3,3,86,23,15,92,1942,2022-08-11,2.3,62.69
366,Finance,64,F,Licence,13,106918,44.1,1,10,11,14,16,99,4004,2020-01-21,4.9,46.62
367,Ventes,25,F,Doctorat,9,108116,49.1,5,5,74,12,10,37,1331,2018-12-06,6.0,42.35
368,Marketing,47,F,Doctorat,5,86563,38.0,3,7,59,18,6,61,7890,2023-01-04,1.9,43.81
369,RH,50,F,Licence,15,74757,32.8,3,8,62,21,17,47,4588,2018-05-25,6.5,43.83
370,Marketing,55,H,Doctorat,5,107475,38.1,5,1,81,15,17,9,337,2016-05-30,8.5,54.25
371,Finance,44,F,Doctorat,16,81257,42.9,4,2,36,17,19,35,7066,2016-04-18,8.6,36.43
372,Finance,58,H,Doctorat,9,30307,34.9,5,7,56,6,18,28,7813,2015-02-05,9.8,16.7
373,RH,32,H,Licence,17,86889,37.4,5,2,90,12,11,77,8983,2023-11-24,1.0,44.68
374,Ventes,27,F,Licence,26,98895,39.7,4,7,21,3,7,3,3611,2018-11-11,6.1,47.9
375,IT,39,F,Licence,21,65944,44.0,4,9,13,8,10,43,3700,2019-11-28,5.0,28.82
376,RH,42,F,Doctorat,17,68134,41.9,4,2,9,29,7,55,9708,2023-06-16,1.5,31.27
377,IT,63,H,Licence,2,57323,42.1,4,7,11,9,5,41,6118,2019-10-01,5.2,26.18
378,R&D,57,H,Doctorat,19,101762,35.9,4,4,75,8,12,99,7105,2017-04-09,7.7,54.51
379,IT,62,F,Bac,26,117225,40.0,5,2,70,6,16,12,2673,2023-07-17,1.4,56.36
380,Ventes,59,H,Doctorat,20,55954,34.4,2,7,1,14,18,45,2122,2023-07-31,1.3,31.28
381,R&D,55,F,Master,24,85021,42.2,2,5,70,27,3,81,7082,2017-12-28,6.9,38.74
382,IT,38,F,Licence,27,119959,43.8,1,1,77,7,15,32,8250,2021-08-10,3.3,52.67
383,R&D,58,F,Licence,14,109866,40.8,2,5,86,18,5,20,2062,2018-03-31,6.7,51.78
384,IT,46,H,Master,14,100427,36.2,2,3,56,10,13,79,1254,2019-10-29,5.1,53.35
385,Ventes,59,H,Doctorat,3,34992,37.0,5,7,31,4,19,78,3688,2017-08-02,7.3,18.19
386,IT,33,H,Bac,28,31961,47.0,4,6,86,1,12,56,3748,2023-04-12,1.6,13.08
387,IT,44,F,Master,26,42497,36.2,4,8,37,9,5,68,6342,2019-02-20,5.8,22.58
388,IT,63,H,Master,8,62551,43.2,5,5,47,15,6,69,4130,2016-03-06,8.8,27.84
389,RH,43,F,Doctorat,26,106384,39.7,2,2,91,22,7,66,4257,2020-07-15,4.4,51.53
390,RH,42,H,Licence,25,85755,36.3,5,9,78,12,10,47,3029,2017-05-08,7.6,45.43
391,RH,48,Autre,Doctorat,18,43255,31.3,1,8,47,7,16,75,2846,2015-08-18,9.3,26.58
392,Ventes,52,H,Master,23,34567,39.1,4,6,69,8,8,99,8662,2021-08-14,3.3,17.0
393,R&D,27,H,Master,27,78847,38.5,3,10,58,10,9,32,4035,2015-06-27,9.4,39.38
394,Finance,48,H,Licence,16,78003,47.0,1,7,36,10,4,35,2899,2018-12-04,6.0,31.92
395,IT,61,F,Licence,10,50389,33.7,1,9,32,22,8,32,9638,2022-02-28,2.8,28.75
396,IT,55,F,Licence,24,74523,49.5,5,7,98,25,7,30,4443,2019-06-02,5.5,28.95
397,Ventes,33,F,Doctorat,8,91576,39.9,2,3,64,15,15,20,4789,2023-12-22,1.0,44.14
398,IT,28,H,Licence,9,73919,39.9,4,6,71,9,3,26,912,2022-10-11,2.2,35.63
399,RH,31,H,Master,17,112103,35.0,3,7,42,28,17,90,4242,2019-10-30,5.1,61.6
400,Finance,38,F,Master,19,33358,39.6,1,2,48,23,11,71,7541,2023-01-26,1.9,16.2
401,Marketing,47,H,Bac,12,118535,40.4,3,3,74,11,9,61,1711,2019-11-10,5.1,56.42
402,IT,42,H,Doctorat,7,106524,42.7,2,4,81,24,5,95,8866,2017-09-01,7.3,47.98
403,RH,49,Autre,Bac,6,35698,33.1,2,10,30,5,10,25,1439,2015-03-23,9.7,20.74
404,Marketing,23,Autre,Master,16,96809,45.0,3,6,21,27,15,65,5613,2017-04-25,7.6,41.37
405,Finance,64,F,Bac,20,85805,39.8,4,1,60,11,14,11,3630,2022-09-10,2.2,41.46
406,Marketing,22,F,Master,22,61349,41.0,2,9,13,9,4,21,5375,2018-05-01,6.6,28.78
407,RH,57,H,Bac,14,106777,36.9,3,5,1,17,2,16,7103,2016-09-09,8.2,55.65
408,R&D,47,H,Licence,19,80248,33.4,1,7,65,17,12,6,8877,2023-12-05,1.0,46.2
409,R&D,50,F,Bac,14,105033,38.4,3,9,33,3,1,67,9318,2023-08-12,1.3,52.6
410,Marketing,42,F,Licence,0,74041,38.9,3,9,38,8,5,36,4216,2023-06-09,1.5,36.6
411,Ventes,32,H,Licence,24,61954,31.1,5,1,25,6,6,37,2466,2021-03-13,3.7,38.31
412,Marketing,61,H,Doctorat,13,38002,42.0,2,1,26,17,11,95,7824,2021-05-26,3.5,17.4
413,IT,32,H,Licence,4,99783,43.0,4,3,77,7,8,10,4124,2016-03-20,8.7,44.63
414,IT,57,F,Licence,10,117234,34.4,4,6,59,10,7,0,965,2017-07-11,7.4,65.54
415,R&D,60,F,Bac,15,49738,32.9,5,2,92,6,4,24,6928,2022-02-12,2.8,29.07
416,Ventes,61,F,Master,1,40703,36.5,4,10,33,8,6,41,6096,2015-07-12,9.4,21.45
417,RH,56,H,Doctorat,7,79422,38.1,3,1,41,7,16,51,6157,2019-07-21,5.4,40.09
418,IT,55,Autre,Licence,10,113106,36.7,5,1,30,2,15,23,9111,2015-10-16,9.1,59.27
419,R&D,45,F,Doctorat,28,91899,37.7,1,5,57,16,14,52,8120,2022-03-15,2.7,46.88
420,Finance,43,H,Bac,17,42392,39.1,2,4,49,1,12,55,1508,2018-03-13,6.7,20.85
421,R&D,26,H,Licence,2,74724,31.2,2,1,48,14,12,62,9404,2018-12-01,6.0,46.06
422,IT,54,H,Bac,29,62299,31.7,2,4,72,13,16,80,871,2020-01-09,4.9,37.79
423,IT,57,H,Doctorat,25,45641,24.4,3,3,49,28,15,7,863,2022-12-14,2.0,35.97
424,R&D,41,F,Bac,0,109534,42.7,1,2,47,17,13,58,3055,2020-05-24,4.5,49.33
425,RH,40,H,Doctorat,10,36305,38.1,5,9,56,15,11,44,5133,2022-09-29,2.2,18.32
426,Marketing,56,F,Bac,15,48782,43.2,5,1,65,19,17,26,2682,2017-06-14,7.5,21.72
427,IT,64,H,Doctorat,17,108257,32.3,2,7,12,21,15,51,5278,2017-07-08,7.4,64.45
428,R&D,38,H,Master,29,107963,38.1,1,4,69,3,14,17,5448,2022-02-24,2.8,54.49
429,R&D,64,H,Bac,15,50566,39.1,1,5,88,24,10,90,613,2020-07-27,4.4,24.87
430,Ventes,55,H,Bac,22,97766,35.2,1,10,6,19,12,85,1872,2019-04-02,5.7,53.41
431,Marketing,30,F,Master,9,36511,30.2,4,5,89,5,16,15,7723,2019-08-28,5.3,23.25
432,Finance,47,F,Master,17,56177,46.7,4,1,65,5,15,65,7189,2020-08-22,4.3,23.13
433,RH,23,F,Bac,5,34765,45.0,2,6,25,25,10,4,5386,2019-09-22,5.2,14.86
434,Finance,30,F,Master,18,50354,36.1,1,9,1,10,4,81,6942,2023-04-23,1.6,26.82
435,Marketing,30,H,Licence,3,53929,40.6,1,2,32,25,9,2,8759,2021-07-15,3.4,25.54
436,Marketing,61,H,Doctorat,26,58820,35.6,5,7,3,16,9,90,244,2022-12-22,2.0,31.77
437,Marketing,38,H,Doctorat,12,59523,33.0,5,6,49,23,11,80,20,2020-03-12,4.7,34.69
438,Finance,22,F,Doctorat,23,101088,47.1,2,5,19,27,11,79,8585,2019-12-05,5.0,41.27
439,Marketing,46,H,Licence,13,96163,29.7,1,4,60,2,7,69,5767,2015-11-08,9.1,62.27
440,R&D,64,H,Master,2,107525,36.6,2,4,29,12,10,6,3515,2022-08-12,2.3,56.5
441,Finance,61,F,Master,9,43780,38.4,5,6,50,21,4,49,1910,2018-02-01,6.8,21.93
442,Marketing,63,H,Bac,5,36589,46.3,5,4,2,2,5,13,8481,2015-12-05,9.0,15.2
443,R&D,46,H,Master,0,64812,42.5,4,5,73,15,5,37,5882,2023-12-14,1.0,29.33
444,Ventes,60,H,Bac,22,75939,29.6,2,6,56,14,11,78,8552,2021-06-05,3.5,49.34
445,Marketing,56,F,Licence,23,81493,38.0,2,5,17,10,9,46,8076,2015-12-25,9.0,41.24
446,Finance,24,F,Doctorat,26,70953,38.1,1,7,60,17,16,32,1622,2021-01-25,3.9,35.81
447,IT,58,F,Doctorat,13,95785,36.9,1,9,36,14,9,42,4314,2018-03-18,6.7,49.92
448,Marketing,51,H,Doctorat,7,49309,41.1,4,10,61,4,4,90,2453,2022-09-09,2.2,23.07
449,IT,59,Autre,Master,18,84195,31.0,3,7,17,15,2,28,2015,2017-02-06,7.8,52.23
450,R&D,55,F,Bac,13,55901,36.0,3,7,49,29,14,56,2800,2023-04-18,1.6,29.86
451,Ventes,33,H,Bac,9,53576,40.4,3,4,76,15,3,4,9023,2020-09-20,4.2,25.5
452,RH,40,F,Licence,16,61508,41.4,2,1,60,16,18,92,9985,2015-07-21,9.4,28.57
453,Ventes,58,H,Master,8,104711,38.7,2,8,20,8,6,95,9983,2023-04-06,1.7,52.03
454,Marketing,38,F,Licence,28,55464,36.6,5,4,50,26,11,59,8772,2019-08-20,5.3,29.14
455,IT,31,F,Bac,5,90281,37.4,2,1,3,22,18,69,6752,2016-04-08,8.7,46.42
456,IT,33,H,Bac,10,46260,41.7,2,5,43,2,12,1,7453,2016-03-24,8.7,21.33
457,Finance,37,Autre,Doctorat,24,65440,38.2,2,8,57,19,5,69,2853,2017-07-01,7.4,32.94
458,IT,45,F,Master,6,86683,32.8,4,4,50,12,9,42,2236,2017-03-08,7.7,50.82
459,Finance,40,F,Bac,16,71430,31.8,2,8,68,21,18,3,4176,2017-03-04,7.8,43.2
460,R&D,29,H,Doctorat,27,31987,30.6,1,8,81,2,19,55,2155,2016-03-12,8.7,20.1
461,RH,52,H,Master,27,55105,45.3,1,3,50,27,3,92,9536,2020-03-31,4.7,23.39
462,Marketing,42,H,Licence,0,108484,42.0,5,9,37,6,9,58,5698,2019-11-09,5.1,49.67
463,Finance,38,F,Master,21,43026,37.5,4,3,46,28,4,88,6829,2016-06-14,8.5,22.06
464,RH,44,H,Master,4,98309,35.7,1,1,42,5,17,8,8537,2016-07-18,8.4,52.96
465,IT,58,F,Bac,8,75927,35.1,4,2,15,8,17,2,1886,2019-06-09,5.5,41.6
466,IT,37,F,Bac,17,105414,43.5,4,6,33,11,2,89,6471,2018-07-20,6.4,46.6
467,RH,27,H,Master,23,87535,47.5,5,10,80,14,9,47,8746,2022-12-29,1.9,35.44
468,IT,29,F,Bac,26,72946,35.0,4,2,11,20,9,42,3770,2015-08-01,9.4,40.08
469,R&D,46,H,Bac,20,86561,43.7,2,6,20,19,5,90,8391,2017-08-06,7.3,38.09
470,R&D,39,Autre,Bac,1,40377,38.1,4,1,24,2,15,99,2940,2018-02-01,6.8,20.38
471,RH,46,F,Doctorat,28,83592,36.9,5,1,64,9,15,95,3490,2015-07-11,9.4,43.56
472,Finance,33,H,Doctorat,25,37347,45.5,5,5,80,0,3,0,7899,2018-11-04,6.1,15.78
473,Finance,36,H,Master,10,63776,37.9,5,10,94,18,19,56,306,2020-06-13,4.5,32.36
474,RH,47,H,Bac,26,33783,39.5,1,9,98,18,3,52,3075,2018-01-09,6.9,16.45
475,Finance,62,F,Doctorat,27,85798,39.2,2,8,65,22,6,15,1656,2016-12-05,8.0,42.09
476,Finance,47,F,Master,5,34298,29.9,1,3,88,22,4,50,7244,2016-07-02,8.4,22.06
477,R&D,53,F,Bac,25,100204,39.4,3,3,88,12,13,74,6611,2020-02-05,4.8,48.91
478,Finance,31,H,Licence,7,116207,35.2,2,1,73,11,13,89,6322,2015-06-03,9.5,63.49
479,Ventes,37,H,Bac,3,85161,30.9,4,3,86,0,11,54,2692,2019-07-24,5.4,53.0
480,Marketing,28,H,Bac,17,90652,35.4,5,1,76,18,5,0,1764,2016-07-24,8.4,49.25
481,IT,38,F,Doctorat,27,64484,35.4,3,8,17,28,1,89,275,2019-11-20,5.0,35.03
482,Ventes,44,F,Master,10,50922,43.1,2,1,89,23,9,27,5271,2021-04-06,3.7,22.72
483,Finance,47,H,Master,4,64028,32.7,1,5,92,15,17,52,7331,2021-08-18,3.3,37.65
484,R&D,42,H,Doctorat,14,50316,34.1,5,9,61,24,1,57,9593,2017-03-15,7.7,28.38
485,RH,43,F,Bac,27,106996,39.2,1,7,15,22,3,72,9967,2017-03-09,7.7,52.49
486,Finance,28,F,Licence,17,46968,31.4,2,4,94,22,15,59,5025,2023-12-20,1.0,28.77
487,R&D,35,F,Bac,1,60266,34.7,2,9,51,27,10,58,4050,2016-09-02,8.3,33.4
488,Marketing,36,F,Bac,21,54000,29.7,3,9,27,14,8,21,8080,2022-06-28,2.4,34.97
489,Finance,28,H,Licence,10,44011,42.6,4,2,86,15,12,7,3460,2022-09-22,2.2,19.87
490,RH,30,H,Doctorat,25,32866,36.5,1,10,74,10,15,48,3835,2019-12-12,5.0,17.32
491,R&D,29,F,Master,24,35898,37.9,3,10,61,23,9,41,4278,2015-05-23,9.5,18.21
492,R&D,44,F,Doctorat,12,48395,42.6,5,6,58,5,10,26,1844,2023-12-05,1.0,21.85
493,R&D,50,H,Doctorat,3,69019,34.4,4,4,31,10,9,38,71,2015-09-29,9.2,38.58
494,Marketing,39,F,Bac,21,34006,36.4,3,8,91,2,15,82,7386,2019-04-05,5.7,17.97
495,Finance,52,F,Master,6,64393,32.7,1,7,12,14,1,24,6862,2021-10-09,3.2,37.87
496,Marketing,51,F,Master,28,40956,32.7,2,7,46,0,2,37,7340,2020-09-24,4.2,24.09
497,IT,60,F,Doctorat,10,80042,33.4,5,10,31,6,19,84,9868,2020-11-12,4.1,46.09
498,IT,56,H,Licence,21,36078,35.5,1,9,32,0,14,23,9487,2020-10-12,4.1,19.54
499,Finance,39,F,Doctorat,23,59631,36.1,4,5,32,16,8,23,7635,2021-09-26,3.2,31.77
500,Marketing,63,F,Licence,3,92901,39.4,4,6,99,8,6,59,1043,2023-06-08,1.5,45.34
501,RH,60,F,Master,27,99497,33.5,2,1,53,28,12,82,3042,2016-04-03,8.7,57.12
502,R&D,38,F,Doctorat,14,71574,39.6,2,6,61,25,15,49,814,2019-10-05,5.2,34.76
503,R&D,35,F,Bac,0,61417,40.4,5,2,46,22,14,65,5622,2018-12-03,6.0,29.24
504,Finance,52,H,Doctorat,22,118020,35.7,5,6,85,12,1,13,7332,2021-11-22,3.0,63.57
505,IT,45,F,Master,2,113639,34.0,2,9,74,10,11,52,309,2022-10-28,2.1,64.28
506,IT,56,F,Bac,13,95006,38.4,2,8,80,28,3,31,6661,2016-05-20,8.5,47.58
507,R&D,55,F,Bac,5,69454,37.0,4,9,7,19,19,95,4227,2019-09-06,5.2,36.1
508,Finance,24,F,Licence,17,31587,39.1,2,10,4,5,18,91,1877,2018-01-01,6.9,15.54
509,Marketing,58,F,Bac,24,84710,45.8,3,8,91,0,2,47,2486,2015-03-25,9.7,35.57
510,IT,64,H,Bac,0,116567,38.3,1,3,52,6,7,38,6886,2015-02-28,9.8,58.53
511,Marketing,61,F,Doctorat,5,105886,34.8,2,8,89,11,8,39,4835,2017-11-10,7.1,58.51
512,IT,47,H,Master,5,48816,33.5,5,6,31,21,19,41,794,2019-01-21,5.9,28.02
513,IT,44,H,Licence,20,115824,33.7,3,6,75,19,15,76,6786,2023-02-13,1.8,66.09
514,Ventes,60,F,Doctorat,15,59432,30.7,5,6,84,22,10,75,4014,2021-01-13,3.9,37.23
515,IT,36,F,Bac,28,78617,42.7,3,3,36,18,1,7,7392,2018-09-14,6.2,35.41
516,RH,25,H,Bac,4,102373,26.8,2,10,54,16,6,78,5353,2019-05-16,5.6,73.46
517,Finance,50,H,Licence,16,64217,40.4,1,1,54,3,13,25,3407,2016-07-29,8.4,30.57
518,Finance,43,F,Master,9,50884,33.7,5,4,17,2,14,11,974,2022-11-24,2.0,29.04
519,Marketing,46,H,Licence,27,35454,35.4,3,10,75,0,3,42,9239,2016-11-10,8.1,19.26
520,IT,34,H,Doctorat,20,104960,33.5,4,6,30,17,11,50,4237,2015-07-22,9.4,60.25
521,RH,39,H,Licence,17,73618,45.2,2,10,99,26,3,90,7248,2018-02-03,6.8,31.32
522,Marketing,54,H,Bac,6,113948,38.1,1,2,22,20,19,81,4369,2023-09-29,1.2,57.51
523,Ventes,37,H,Doctorat,2,92671,42.0,2,7,43,14,10,99,8050,2015-11-14,9.1,42.43
524,Marketing,63,H,Bac,12,77111,44.5,4,7,27,7,15,62,464,2018-04-20,6.6,33.32
525,Marketing,23,H,Master,14,69613,38.8,1,4,37,0,11,48,5327,2019-06-27,5.4,34.5
526,IT,56,F,Bac,19,115678,32.0,4,4,46,19,15,26,5415,2019-12-02,5.0,69.52
527,Ventes,63,F,Bac,18,89993,36.9,2,1,35,13,13,8,8115,2016-02-10,8.8,46.9
528,Marketing,55,F,Licence,2,38848,34.3,3,2,4,3,5,38,287,2023-04-22,1.6,21.78
529,RH,51,H,Bac,3,108672,35.5,2,9,80,4,4,64,3195,2023-03-16,1.7,58.87
530,RH,34,H,Doctorat,4,96125,37.5,2,10,80,22,13,70,9067,2023-08-08,1.3,49.29
531,Finance,34,F,Doctorat,0,116444,37.3,2,8,85,12,9,89,1992,2023-11-06,1.1,60.04
532,Ventes,39,H,Master,3,91602,40.1,5,8,26,27,17,70,7450,2023-10-15,1.1,43.93
533,Ventes,53,F,Doctorat,11,102045,40.8,4,9,19,23,2,6,2925,2021-12-17,3.0,48.1
534,Finance,53,F,Licence,27,72222,37.3,4,7,81,14,5,71,1120,2016-11-09,8.1,37.24
535,Marketing,56,F,Master,26,79223,40.0,4,9,45,5,16,79,5310,2018-06-24,6.5,38.09
536,Ventes,60,H,Doctorat,23,95333,35.3,5,10,26,0,7,66,446,2020-03-04,4.8,51.94
537,RH,50,H,Licence,9,82732,44.6,3,2,22,22,1,9,6627,2019-03-28,5.7,35.67
538,RH,50,F,Doctorat,22,79420,35.2,2,6,58,18,12,70,2896,2019-07-02,5.4,43.39
539,IT,37,H,Doctorat,24,105504,44.0,3,3,63,12,11,84,721,2018-09-21,6.2,46.11
540,Ventes,31,F,Bac,20,32462,30.6,5,6,28,28,12,52,2163,2018-12-16,6.0,20.4
541,Marketing,51,F,Doctorat,28,39460,36.1,4,3,65,28,19,94,9543,2017-04-14,7.6,21.02
542,Finance,46,Autre,Doctorat,25,39275,36.3,2,8,44,5,12,86,3980,2021-02-19,3.8,20.81
543,Finance,60,H,Licence,19,43269,39.4,1,4,43,14,12,56,4502,2021-06-13,3.5,21.12
544,Marketing,41,F,Licence,23,95942,42.3,1,10,37,15,14,90,1725,2019-07-27,5.4,43.62
545,R&D,26,F,Bac,24,102920,31.8,3,6,66,23,2,85,8885,2020-04-14,4.6,62.24
546,IT,22,H,Doctorat,12,52553,32.5,4,9,17,22,2,26,3413,2021-12-28,2.9,31.1
547,Finance,51,H,Bac,22,54366,31.0,1,2,40,15,4,53,494,2015-10-08,9.2,33.73
548,Ventes,24,F,Doctorat,13,74036,44.6,3,2,38,9,16,3,947,2022-06-15,2.5,31.92
549,IT,35,H,Master,22,47369,39.5,5,7,85,21,10,87,22,2019-12-19,5.0,23.06
550,Ventes,51,H,Master,4,41795,32.6,3,2,61,8,13,22,1128,2017-07-21,7.4,24.65
551,RH,25,H,Bac,3,100021,35.8,3,2,9,8,2,47,557,2022-07-25,2.4,53.73
552,IT,39,F,Bac,13,98154,43.9,3,4,77,16,3,82,9808,2016-08-30,8.3,43.0
553,Finance,58,F,Bac,9,60143,36.6,2,9,75,16,19,41,3730,2016-04-27,8.6,31.6
554,IT,46,F,Licence,16,59425,36.3,3,8,61,16,6,2,5341,2018-05-31,6.5,31.48
555,IT,22,H,Licence,9,118209,34.1,3,2,80,23,19,90,6998,2019-11-08,5.1,66.66
556,IT,36,H,Licence,25,105139,32.9,2,8,16,11,19,2,7182,2020-12-04,4.0,61.46
557,R&D,30,F,Bac,6,35368,43.9,2,4,2,12,8,27,7034,2023-04-04,1.7,15.49
558,IT,36,F,Doctorat,15,34621,46.4,5,2,72,29,14,62,1656,2015-07-11,9.4,14.35
559,Ventes,45,H,Master,0,88829,33.1,4,10,43,11,10,80,4173,2022-10-06,2.2,51.61
560,RH,25,F,Bac,16,90294,45.0,1,7,42,13,3,30,5441,2022-04-19,2.6,38.59
561,Marketing,33,Autre,Licence,20,44719,35.6,1,6,77,9,6,9,8998,2020-07-10,4.4,24.16
562,IT,58,F,Licence,28,59227,40.7,3,10,57,22,15,48,3312,2022-01-07,2.9,27.98
563,Finance,58,F,Bac,8,37566,45.1,5,5,81,18,18,85,8645,2015-11-03,9.1,16.02
564,IT,64,F,Bac,5,42306,37.3,3,1,88,28,14,93,2324,2016-06-15,8.5,21.81
565,Finance,27,H,Licence,18,83822,36.4,1,2,67,1,19,20,9639,2015-05-02,9.6,44.28
566,Ventes,60,F,Doctorat,12,54042,42.0,2,8,30,3,10,99,5595,2022-05-20,2.5,24.74
567,Finance,45,Autre,Licence,2,45086,32.5,4,1,13,18,15,52,5984,2016-08-14,8.3,26.68
568,Marketing,32,H,Licence,6,47387,43.7,5,3,19,6,4,86,2511,2023-10-31,1.1,20.85
569,RH,34,F,Bac,21,57042,38.7,2,2,7,25,2,75,362,2022-12-27,1.9,28.35
570,Finance,55,F,Doctorat,8,119424,35.1,4,5,9,14,3,88,3454,2019-01-15,5.9,65.43
571,Finance,46,F,Licence,21,81618,35.0,5,4,83,14,7,53,2798,2023-11-15,1.1,44.85
572,RH,28,F,Licence,4,48323,31.1,5,7,54,23,16,56,4620,2015-02-28,9.8,29.88
573,Marketing,25,F,Master,9,48019,35.3,1,5,86,5,10,19,3255,2021-06-06,3.5,26.16
574,IT,29,F,Bac,22,105426,36.7,2,8,82,2,19,48,1217,2022-02-13,2.8,55.24
575,Finance,41,H,Master,16,70863,32.7,5,4,61,5,17,6,1485,2019-04-23,5.6,41.67
576,RH,50,F,Master,11,40283,37.8,5,6,87,15,19,28,5349,2018-02-14,6.8,20.49
577,Ventes,31,H,Licence,22,48279,40.4,4,4,2,1,5,47,7195,2019-12-16,5.0,22.98
578,RH,64,H,Bac,15,76999,36.9,1,2,50,27,13,92,7750,2019-12-11,5.0,40.13
579,Ventes,55,H,Doctorat,2,92780,41.3,3,1,75,6,13,12,6079,2023-10-04,1.2,43.2
580,Marketing,47,F,Licence,29,52908,34.0,1,1,31,29,11,2,9399,2016-02-03,8.8,29.93
581,IT,62,H,Doctorat,24,91584,43.0,3,8,33,10,11,1,9640,2022-01-06,2.9,40.96
582,RH,24,F,Doctorat,21,80225,38.6,2,4,78,25,16,15,8035,2022-10-23,2.1,39.97
583,R&D,27,F,Bac,8,67952,45.7,2,5,80,29,15,93,1507,2021-12-20,3.0,28.59
584,Finance,26,F,Master,28,67663,50.1,5,8,11,6,17,5,1003,2017-07-30,7.4,25.97
585,Marketing,26,H,Bac,14,91381,35.6,2,7,33,3,18,44,6403,2016-06-11,8.5,49.36
586,RH,44,F,Doctorat,4,77929,35.9,5,8,7,28,19,70,925,2021-09-11,3.2,41.74
587,Finance,30,F,Licence,22,39343,36.8,1,8,31,23,4,4,8275,2019-11-10,5.1,20.56
588,RH,56,F,Doctorat,12,106173,41.0,2,6,48,19,5,55,6583,2018-11-22,6.0,49.8
589,Ventes,41,H,Licence,13,69791,44.6,1,10,47,6,7,70,3927,2019-07-28,5.4,30.09
590,RH,63,H,Licence,19,59134,34.7,1,2,78,3,2,97,9734,2019-03-31,5.7,32.77
591,R&D,56,H,Bac,14,77101,39.9,2,6,92,28,1,31,985,2016-03-11,8.7,37.16
592,RH,39,H,Doctorat,15,99443,37.3,1,1,53,11,12,48,4231,2017-04-19,7.6,51.27
593,RH,38,H,Master,22,87530,41.1,2,1,80,4,10,12,5302,2015-12-26,8.9,40.96
594,R&D,45,F,Doctorat,12,76799,45.5,2,3,19,22,8,29,5291,2018-02-26,6.8,32.46
595,Marketing,24,H,Doctorat,16,34827,36.8,2,3,81,28,1,24,908,2017-05-13,7.6,18.2
596,RH,53,H,Master,22,92653,29.7,3,5,90,29,12,84,5051,2022-05-05,2.6,59.99
597,R&D,56,H,Bac,7,43699,41.7,1,1,6,29,2,59,2586,2019-07-09,5.4,20.15
598,Finance,59,H,Doctorat,20,35313,33.8,4,10,49,28,10,58,9335,2019-09-29,5.2,20.09
599,Ventes,34,H,Doctorat,1,43598,37.3,2,6,73,25,17,84,1331,2018-05-30,6.5,22.48
600,Ventes,46,H,Licence,4,58807,41.9,1,7,50,18,3,27,6851,2021-03-11,3.7,26.99
601,RH,30,H,Doctorat,5,100423,39.5,5,10,81,25,7,57,9745,2017-07-04,7.4,48.89
602,Marketing,25,F,Master,11,99390,37.5,2,3,95,4,12,19,1806,2022-03-24,2.7,50.97
603,Marketing,35,Autre,Licence,17,75226,35.1,2,4,12,26,8,33,805,2019-12-04,5.0,41.22
604,Finance,58,H,Bac,29,89550,23.5,4,10,23,29,12,4,4147,2020-12-22,4.0,73.28
605,RH,55,H,Licence,21,110072,41.5,3,10,54,18,3,81,71,2022-09-02,2.3,51.01
606,Ventes,32,F,Master,21,33558,36.7,3,10,69,20,17,59,27,2016-01-21,8.9,17.58
607,Marketing,62,H,Master,0,105308,45.6,2,10,59,29,9,42,8660,2018-08-19,6.3,44.41
608,RH,24,H,Licence,29,80113,40.0,1,10,36,2,10,56,3983,2019-12-11,5.0,38.52
609,Marketing,49,F,Bac,16,82999,35.3,5,3,3,26,6,56,8955,2019-05-05,5.6,45.22
610,R&D,50,H,Licence,29,85878,43.3,5,1,58,25,1,74,7055,2018-04-27,6.6,38.14
611,Marketing,30,F,Bac,10,66343,43.8,1,8,88,10,12,53,6690,2019-03-30,5.7,29.13
612,Ventes,24,F,Licence,9,88219,36.9,2,10,55,6,5,80,9616,2016-01-24,8.9,45.98
613,IT,46,H,Master,18,65186,44.0,5,10,57,28,13,44,3832,2022-08-23,2.3,28.49
614,Finance,55,H,Doctorat,13,66966,35.2,3,2,17,16,15,85,9867,2016-12-04,8.0,36.59
615,Finance,33,F,Doctorat,25,63769,38.8,1,1,39,24,11,36,559,2023-02-20,1.8,31.61
616,Ventes,63,H,Bac,9,83218,40.9,4,8,90,8,8,83,7957,2019-10-05,5.2,39.13
617,Marketing,30,H,Bac,14,49229,41.9,2,7,68,20,5,47,3831,2022-09-21,2.2,22.59
618,RH,36,F,Bac,27,105209,41.1,1,7,55,8,2,53,7344,2023-09-20,1.2,49.23
619,Marketing,61,F,Master,18,57877,36.3,5,4,45,9,12,47,5171,2017-05-13,7.6,30.66
620,Ventes,46,H,Licence,3,88001,43.5,2,9,76,12,2,5,78,2017-11-25,7.0,38.9
621,Finance,26,F,Master,1,68084,37.4,3,6,1,14,16,33,4929,2015-03-20,9.7,35.01
622,Marketing,32,H,Doctorat,8,111780,35.2,2,2,21,21,3,62,3647,2018-07-22,6.4,61.07
623,Finance,55,F,Bac,9,46806,35.2,2,1,83,4,10,77,1031,2018-07-25,6.4,25.57
624,RH,45,F,Licence,27,118635,47.7,3,1,21,28,19,47,7381,2016-11-04,8.1,47.83
625,Finance,36,F,Doctorat,10,67034,34.3,3,9,52,2,8,22,2072,2021-06-17,3.5,37.58
626,Finance,59,F,Doctorat,13,70317,44.5,2,4,82,26,7,83,6911,2015-07-23,9.4,30.39
627,IT,29,Autre,Doctorat,6,85468,32.3,3,5,43,26,1,12,6088,2017-09-11,7.2,50.89
628,IT,26,H,Master,22,49094,40.4,1,3,52,7,12,46,1484,2020-05-29,4.5,23.37
629,R&D,47,F,Bac,14,87796,39.5,3,4,67,19,5,43,5838,2015-01-17,9.9,42.74
630,IT,39,H,Doctorat,21,40589,46.1,3,8,44,9,16,31,1550,2016-04-20,8.6,16.93
631,Finance,27,H,Bac,18,87221,34.7,2,4,32,12,4,25,5497,2017-10-13,7.1,48.34
632,Ventes,58,H,Master,21,31657,33.3,1,9,10,28,17,52,4682,2015-07-29,9.4,18.28
633,Finance,34,F,Doctorat,14,69531,37.4,4,9,64,2,2,13,1829,2016-05-13,8.6,35.75
634,Ventes,49,Autre,Master,29,82227,46.3,4,6,79,28,12,51,3751,2016-03-04,8.8,34.15
635,Ventes,26,H,Master,27,33164,33.6,5,2,69,21,1,35,6081,2023-08-16,1.3,18.98
636,IT,34,H,Bac,23,113973,25.1,3,10,68,7,12,7,6601,2023-08-18,1.3,87.32
637,Marketing,38,F,Doctorat,7,71247,38.3,3,7,28,28,12,39,4459,2018-08-22,6.3,35.77
638,RH,61,H,Master,10,49601,42.7,1,9,53,8,12,85,3856,2020-10-06,4.2,22.34
639,IT,53,H,Doctorat,28,80599,32.9,4,6,51,29,19,21,6182,2019-04-03,5.7,47.11
640,IT,50,F,Bac,8,101545,42.2,5,3,53,21,17,15,6083,2018-05-16,6.6,46.27
641,Marketing,24,F,Master,14,34552,32.8,1,7,4,20,11,90,7970,2019-03-15,5.7,20.26
642,RH,61,Autre,Bac,0,39417,37.3,3,5,79,11,13,59,2094,2023-10-12,1.1,20.32
643,Finance,55,H,Doctorat,29,88579,41.8,4,1,17,10,8,59,6238,2020-02-11,4.8,40.75
644,R&D,61,H,Doctorat,0,98207,32.1,5,3,67,1,10,9,3032,2023-04-30,1.6,58.83
645,R&D,48,F,Bac,18,102055,38.9,2,5,74,17,8,24,1548,2022-01-13,2.9,50.45
646,Finance,34,F,Licence,2,108270,44.1,4,7,47,8,8,30,8559,2022-03-13,2.7,47.21
647,IT,54,F,Master,9,33722,40.4,5,3,56,1,9,20,64,2020-02-20,4.8,16.05
648,RH,27,F,Doctorat,7,100442,34.4,1,6,23,1,7,90,3299,2017-06-17,7.5,56.15
649,IT,45,H,Doctorat,14,70031,45.6,2,5,18,2,14,80,4849,2018-01-11,6.9,29.53
650,Ventes,40,F,Master,9,109235,41.3,5,1,1,15,2,32,5639,2022-04-22,2.6,50.86
651,IT,37,H,Bac,0,51438,28.7,5,10,35,18,11,30,2035,2017-12-03,7.0,34.47
652,IT,61,H,Bac,28,88819,42.3,3,6,64,3,8,89,5674,2019-02-15,5.8,40.38
653,Finance,49,F,Bac,17,73856,35.1,4,8,58,22,13,20,2228,2023-04-02,1.7,40.46
654,Finance,54,H,Licence,1,63576,39.0,3,1,95,24,15,35,5620,2023-02-05,1.8,31.35
655,Finance,62,H,Licence,18,71938,43.0,2,2,59,17,3,64,596,2019-07-26,5.4,32.17
656,R&D,34,F,Doctorat,12,79028,35.3,5,4,1,19,14,3,3606,2016-05-07,8.6,43.05
657,Ventes,64,H,Bac,21,89807,29.8,3,2,3,24,15,67,3889,2021-12-21,3.0,57.95
658,Finance,46,F,Master,0,79877,45.5,4,9,67,29,2,89,3506,2023-06-17,1.5,33.76
659,RH,63,H,Doctorat,1,73461,43.8,2,10,37,17,19,3,1395,2016-08-27,8.3,32.25
660,R&D,57,F,Master,28,70469,37.6,1,8,83,9,12,8,9778,2017-08-05,7.3,36.04
661,Marketing,48,H,Doctorat,15,113136,42.3,3,8,29,10,4,29,7529,2015-10-21,9.1,51.43
662,RH,59,H,Licence,14,50435,36.2,2,4,89,28,3,44,8303,2018-03-17,6.7,26.79
663,RH,28,Autre,Doctorat,12,114117,38.5,1,5,33,16,5,3,452,2020-07-11,4.4,57.0
664,Finance,26,F,Licence,15,44191,37.3,3,4,61,25,3,68,7336,2015-06-21,9.5,22.78
665,Marketing,64,F,Doctorat,16,114726,36.4,2,9,93,23,15,22,2631,2019-05-06,5.6,60.61
666,Marketing,52,H,Bac,20,57386,39.8,2,2,90,24,19,15,2186,2016-06-14,8.5,27.73
667,R&D,44,F,Master,28,61721,32.0,3,8,4,22,2,21,5967,2018-02-17,6.8,37.09
668,Marketing,63,F,Bac,28,84786,36.7,2,2,14,23,12,71,6374,2020-02-03,4.8,44.43
669,Ventes,31,F,Doctorat,6,43704,39.6,5,1,91,19,5,47,5358,2019-10-27,5.1,21.22
670,Finance,53,F,Doctorat,23,86635,47.2,3,10,33,15,17,61,4348,2020-10-14,4.1,35.3
671,Marketing,64,H,Doctorat,25,32123,32.2,2,3,22,19,14,96,1459,2020-12-28,3.9,19.18
672,R&D,51,H,Licence,16,92993,40.6,1,9,48,12,10,59,1942,2021-10-29,3.1,44.05
673,Ventes,60,F,Master,6,110122,41.2,1,3,3,1,3,79,5422,2015-07-08,9.4,51.4
674,IT,52,H,Master,12,55416,28.6,5,9,87,23,4,4,5196,2015-06-07,9.5,37.26
675,IT,39,H,Doctorat,4,31814,40.1,3,7,85,26,6,79,61,2022-06-10,2.5,15.26
676,Ventes,57,F,Doctorat,25,108537,42.4,2,10,23,1,16,6,1494,2020-05-24,4.5,49.23
677,R&D,23,F,Licence,16,80258,40.9,2,1,68,24,7,50,1180,2015-09-03,9.3,37.74
678,Ventes,35,F,Bac,2,46508,37.6,1,10,21,13,15,64,6268,2022-12-13,2.0,23.79
679,Finance,34,F,Bac,6,115166,39.7,5,5,43,3,11,8,2788,2023-03-11,1.7,55.79
680,Finance,50,F,Master,25,108916,38.8,1,9,95,16,1,81,4636,2022-08-27,2.3,53.98
681,IT,33,H,Licence,16,65699,29.6,1,3,85,12,5,44,4721,2023-07-02,1.4,42.68
682,Marketing,60,H,Doctorat,6,76335,39.0,5,9,26,3,13,46,5710,2021-07-05,3.4,37.64
683,R&D,23,H,Master,20,76806,36.2,3,5,41,2,14,66,7702,2022-01-03,2.9,40.8
684,IT,53,H,Licence,0,107853,34.5,2,9,99,11,9,23,105,2017-04-29,7.6,60.12
685,Marketing,34,F,Bac,16,93768,50.4,3,10,38,21,17,91,9346,2019-12-16,5.0,35.78
686,Marketing,48,H,Licence,29,65739,44.3,4,6,88,22,15,9,4087,2017-12-30,6.9,28.54
687,Finance,62,H,Bac,16,64785,32.2,4,9,11,7,7,72,9900,2018-08-29,6.3,38.69
688,RH,38,H,Licence,10,61980,39.7,4,7,29,1,12,76,3925,2020-10-27,4.1,30.02
689,RH,61,H,Master,24,119335,45.3,5,7,60,5,6,47,1908,2015-06-18,9.5,50.66
690,Ventes,52,H,Bac,26,115016,30.5,1,8,67,21,16,34,2049,2022-10-28,2.1,72.52
691,Finance,55,H,Master,28,31609,38.4,3,7,65,9,5,53,9466,2023-04-19,1.6,15.83
692,Marketing,45,H,Master,2,96253,38.6,2,9,61,11,9,86,9137,2021-02-05,3.8,47.95
693,R&D,56,H,Bac,14,115481,31.6,4,9,19,20,14,80,8172,2019-07-10,5.4,70.28
694,RH,27,H,Bac,28,58141,39.9,3,6,46,9,8,70,3904,2021-04-26,3.6,28.02
695,Marketing,40,F,Doctorat,20,60009,43.6,4,7,49,9,14,15,3796,2019-02-18,5.8,26.47
696,RH,51,H,Doctorat,10,36782,45.5,4,2,22,22,12,52,292,2019-12-01,5.0,15.55
697,RH,28,H,Doctorat,25,55933,36.8,2,9,78,2,10,39,6266,2023-06-04,1.5,29.23
698,RH,31,F,Master,27,107154,50.5,5,1,57,19,13,99,6370,2021-06-02,3.5,40.81
699,R&D,62,H,Master,15,38307,27.7,1,1,14,9,19,19,4860,2016-09-11,8.2,26.59
700,Finance,53,F,Doctorat,24,105874,39.8,5,3,44,28,15,87,3729,2022-12-12,2.0,51.16
701,R&D,55,F,Master,21,68346,30.9,3,6,16,8,8,68,7962,2021-08-04,3.3,42.54
702,IT,49,H,Master,27,80772,38.5,5,5,97,19,10,44,5510,2020-12-04,4.0,40.35
703,Marketing,36,F,Bac,8,102084,35.4,3,2,77,18,3,5,8619,2015-12-23,9.0,55.46
704,Finance,51,H,Bac,23,70149,40.5,3,9,12,13,3,91,6761,2023-03-24,1.7,33.31
705,Finance,58,F,Master,23,116700,37.4,1,10,55,1,5,68,6110,2021-10-22,3.1,60.01
706,Finance,50,H,Doctorat,0,57526,33.9,2,4,51,4,16,48,6955,2019-08-05,5.3,32.63
707,Finance,43,F,Licence,28,115712,34.2,1,4,39,19,17,38,106,2018-04-26,6.6,65.07
708,R&D,25,H,Doctorat,24,98477,47.7,5,5,33,28,6,1,4754,2018-07-28,6.4,39.7
709,Finance,41,F,Licence,21,35695,40.2,3,8,33,28,16,38,5278,2019-03-15,5.7,17.08
710,Ventes,53,F,Doctorat,15,69169,29.5,4,10,29,7,2,20,6408,2019-01-29,5.9,45.09
711,Marketing,57,H,Bac,8,77947,40.8,4,4,69,6,15,39,7635,2023-09-22,1.2,36.74
712,Finance,25,H,Master,18,77224,37.0,3,5,70,5,18,81,1225,2020-05-17,4.6,40.14
713,Marketing,48,F,Master,11,75865,38.0,1,4,31,10,1,53,4250,2018-09-23,6.2,38.39
714,Ventes,38,F,Bac,18,55553,42.1,2,6,80,11,19,11,895,2022-01-13,2.9,25.38
715,Ventes,33,H,Licence,21,90410,43.9,1,3,31,17,12,80,1620,2015-07-18,9.4,39.6
716,Marketing,43,F,Licence,8,54816,33.7,3,8,89,18,8,36,5088,2019-11-23,5.0,31.28
717,RH,38,Autre,Licence,6,85026,37.9,3,6,46,9,6,37,5419,2017-12-09,7.0,43.14
718,IT,31,F,Bac,13,80705,35.3,2,10,97,24,12,14,1385,2018-03-11,6.7,43.97
719,RH,22,H,Licence,28,91922,41.0,5,5,77,28,7,6,2433,2019-12-12,5.0,43.12
720,RH,43,F,Bac,18,103914,36.8,5,2,52,24,18,77,1301,2019-03-18,5.7,54.3
721,R&D,47,H,Doctorat,18,31881,38.1,2,10,10,20,14,49,6858,2022-06-10,2.5,16.09
722,RH,39,Autre,Doctorat,1,69567,36.6,5,10,88,13,8,64,8950,2023-06-29,1.4,36.55
723,Finance,35,F,Bac,8,77365,37.5,4,7,74,2,14,66,8938,2023-08-20,1.3,39.67
724,R&D,50,H,Master,12,109211,46.5,5,2,41,17,5,43,8784,2015-01-31,9.8,45.17
725,R&D,33,F,Doctorat,14,100122,50.0,5,1,95,23,9,30,5644,2023-05-14,1.6,38.51
726,Ventes,57,H,Licence,2,55006,39.9,5,7,77,14,8,42,5088,2021-07-08,3.4,26.51
727,RH,56,Autre,Bac,10,71198,37.5,4,5,3,5,2,76,9260,2016-10-21,8.1,36.51
728,Ventes,33,Autre,Licence,20,52831,30.0,5,1,59,9,16,47,5440,2021-02-02,3.8,33.87
729,Marketing,28,F,Licence,13,46459,34.2,4,4,52,26,13,81,7493,2021-08-14,3.3,26.12
730,IT,50,H,Master,29,62443,37.4,2,4,34,11,7,80,6291,2016-06-30,8.4,32.11
731,R&D,32,F,Licence,24,72316,34.4,1,10,49,6,16,80,3307,2022-01-26,2.9,40.43
732,Marketing,54,H,Master,7,94486,35.0,2,7,28,16,7,60,8894,2018-02-03,6.8,51.92
733,Marketing,27,H,Doctorat,17,35877,45.9,1,9,83,0,14,74,4708,2020-11-14,4.1,15.03
734,Finance,36,F,Bac,18,69553,38.1,2,2,87,25,14,83,104,2021-03-27,3.7,35.11
735,IT,53,H,Licence,15,34922,38.6,1,1,96,17,12,9,9689,2021-03-24,3.7,17.4
736,Marketing,32,H,Bac,1,34686,34.6,1,2,13,25,1,28,3833,2016-01-06,8.9,19.28
737,Marketing,44,Autre,Licence,7,62766,43.9,3,7,97,14,1,47,395,2018-01-28,6.9,27.5
738,IT,47,H,Bac,21,109943,36.9,1,10,98,18,12,97,3517,2019-01-08,5.9,57.3
739,IT,55,H,Licence,5,62006,35.4,1,6,97,27,15,80,3291,2019-01-31,5.8,33.68
740,Marketing,55,F,Licence,11,61422,30.1,3,4,69,0,4,61,2010,2020-10-03,4.2,39.24
741,IT,50,H,Licence,14,42205,37.7,5,1,67,29,7,12,4537,2023-12-11,1.0,21.53
742,Marketing,25,F,Licence,24,116590,35.2,5,1,61,4,16,43,9860,2021-10-07,3.2,63.7
743,Marketing,38,Autre,Licence,7,53527,46.4,3,5,60,14,3,46,4968,2021-06-20,3.5,22.18
744,Finance,56,F,Licence,3,48443,47.2,4,1,71,2,7,63,4762,2018-02-25,6.8,19.74
745,RH,34,F,Licence,14,46524,31.8,1,7,24,0,6,90,1051,2020-09-10,4.2,28.13
746,Marketing,62,H,Licence,27,58202,32.4,1,1,63,7,16,52,2841,2015-04-03,9.7,34.55
747,Ventes,60,H,Licence,19,95552,36.6,3,1,86,11,8,89,6618,2022-01-10,2.9,50.21
748,R&D,36,F,Bac,24,76142,33.9,3,2,61,26,6,91,4723,2018-07-05,6.4,43.19
749,RH,50,F,Master,16,91692,39.1,4,10,23,21,10,76,7472,2022-12-10,2.0,45.1
750,RH,50,F,Licence,12,112384,36.4,5,3,30,24,16,75,7913,2020-04-09,4.7,59.37
751,RH,32,H,Master,17,50855,39.4,2,1,60,18,11,43,5524,2018-05-28,6.5,24.82
752,Finance,53,H,Licence,1,113747,43.1,5,9,18,24,13,27,3584,2022-08-31,2.3,50.75
753,Marketing,23,H,Licence,12,90372,32.7,1,10,96,24,6,1,8539,2023-09-13,1.2,53.15
754,Finance,35,F,Bac,12,55095,43.0,3,8,56,11,1,56,1263,2019-04-21,5.6,24.64
755,Marketing,41,H,Doctorat,21,68724,34.4,4,5,53,12,19,56,4665,2016-02-20,8.8,38.42
756,Finance,43,F,Doctorat,14,79241,48.7,5,2,7,27,12,33,8014,2022-02-17,2.8,31.29
757,Finance,32,F,Bac,19,82003,46.1,4,5,97,0,6,86,1351,2021-08-10,3.3,34.21
758,R&D,48,H,Master,28,98379,37.4,5,6,69,18,18,57,6980,2019-03-25,5.7,50.59
759,Ventes,24,F,Doctorat,26,45972,33.2,1,1,92,5,13,51,7190,2022-03-31,2.7,26.63
760,Finance,38,H,Bac,9,52927,32.2,2,4,72,7,7,28,3827,2021-07-06,3.4,31.61
761,R&D,49,F,Bac,28,96630,42.4,4,9,79,3,13,34,8861,2016-11-19,8.0,43.83
762,IT,50,F,Doctorat,2,82347,37.8,4,2,52,4,8,74,2646,2019-07-24,5.4,41.89
763,Ventes,42,F,Master,18,118860,42.6,2,5,4,24,17,47,266,2020-08-20,4.3,53.66
764,Finance,37,F,Bac,2,116210,49.0,4,1,34,21,9,32,9630,2022-11-05,2.1,45.61
765,RH,58,H,Licence,21,99518,34.1,4,4,69,27,13,74,7434,2019-03-11,5.7,56.12
766,IT,41,H,Master,13,75283,31.8,5,4,33,6,2,72,1022,2016-02-23,8.8,45.53
767,IT,27,F,Master,7,111326,39.0,5,6,69,22,4,77,7947,2018-02-19,6.8,54.89
768,R&D,40,H,Doctorat,26,42205,43.7,2,10,38,3,2,8,2037,2017-06-29,7.4,18.57
769,IT,26,H,Doctorat,22,119874,33.3,1,9,98,19,4,47,8756,2018-09-16,6.2,69.23
770,Ventes,24,H,Licence,29,42748,38.2,4,3,26,3,18,66,7778,2019-04-16,5.6,21.52
771,Finance,22,F,Bac,3,51097,44.9,1,9,1,29,5,92,1059,2021-07-23,3.4,21.88
772,Finance,59,H,Doctorat,26,33092,29.8,2,6,4,14,19,82,1424,2023-03-25,1.7,21.36
773,RH,36,F,Doctorat,27,83311,39.2,2,7,39,26,10,35,4123,2016-02-16,8.8,40.87
774,R&D,55,Autre,Master,19,52692,35.3,5,10,54,20,18,95,219,2018-06-01,6.5,28.71
775,RH,56,H,Doctorat,10,53862,38.6,4,2,90,4,10,70,405,2015-06-02,9.5,26.83
776,IT,46,H,Doctorat,25,109507,41.5,3,10,33,23,5,91,9829,2018-05-20,6.5,50.74
777,RH,45,H,Doctorat,10,110152,39.1,2,6,33,8,17,43,2318,2015-04-02,9.7,54.18
778,Ventes,33,F,Doctorat,26,100469,32.9,4,6,72,1,13,81,9951,2015-11-27,9.0,58.73
779,Finance,39,H,Master,29,34926,35.5,1,2,20,26,17,59,9866,2019-07-23,5.4,18.92
780,IT,36,H,Licence,10,33969,45.1,5,2,16,6,9,62,8983,2017-08-12,7.3,14.48
781,RH,37,H,Licence,1,65733,39.6,1,2,21,16,12,4,5058,2023-04-06,1.7,31.92
782,R&D,48,F,Bac,29,99855,42.2,2,10,45,15,14,86,1309,2022-02-14,2.8,45.5
783,Ventes,29,H,Doctorat,16,71743,39.3,2,1,90,16,14,85,7621,2023-02-25,1.8,35.11
784,Ventes,46,F,Master,8,69876,42.0,1,5,87,19,8,89,4929,2018-06-05,6.5,31.99
785,RH,38,F,Bac,27,50323,36.0,2,8,82,25,5,75,9522,2015-07-13,9.4,26.88
786,Finance,50,H,Bac,27,46428,34.2,4,2,62,22,19,39,8702,2016-06-13,8.5,26.11
787,RH,29,F,Licence,1,64578,41.8,2,5,31,1,14,18,8683,2022-12-02,2.0,29.71
788,IT,36,H,Master,28,116486,43.6,5,8,42,10,9,46,1617,2018-06-20,6.5,51.38
789,RH,48,F,Master,23,94140,33.4,4,10,12,1,7,64,1520,2019-01-13,5.9,54.2
790,Ventes,28,F,Master,14,113829,35.1,3,5,65,0,8,66,7892,2016-09-30,8.2,62.37
791,RH,24,F,Licence,15,36364,37.2,2,2,73,25,14,90,1583,2019-05-30,5.5,18.8
792,Finance,50,H,Licence,24,65349,46.1,2,3,3,1,14,17,6704,2019-05-17,5.6,27.26
793,R&D,45,H,Licence,3,30691,40.8,5,6,90,28,11,49,7988,2021-11-30,3.0,14.47
794,Marketing,24,H,Licence,7,96467,31.4,5,5,9,22,14,29,6583,2021-12-02,3.0,59.08
795,RH,41,H,Licence,8,75896,37.5,1,4,51,8,8,65,1575,2021-05-24,3.5,38.92
796,Finance,36,H,Doctorat,25,87062,36.8,1,4,16,21,3,4,6935,2016-11-28,8.0,45.5
797,Finance,46,H,Doctorat,25,109762,32.1,1,5,88,25,18,92,9953,2020-08-07,4.3,65.76
798,R&D,51,H,Master,4,43861,37.5,5,2,78,1,3,96,6176,2019-08-29,5.3,22.49
799,Ventes,35,H,Bac,15,118302,36.5,1,9,3,27,13,41,9238,2022-07-05,2.4,62.33
800,Finance,28,F,Master,12,93928,36.2,1,2,98,14,12,83,2613,2016-06-23,8.5,49.9
801,Finance,38,H,Bac,29,113231,36.0,3,10,97,9,15,93,3892,2015-11-26,9.0,60.49
802,Finance,41,H,Licence,6,71347,45.4,1,2,24,14,18,4,8653,2016-04-14,8.6,30.22
803,Finance,57,H,Bac,25,33121,36.2,2,10,73,9,5,49,6733,2022-12-06,2.0,17.6
804,IT,30,H,Master,19,113793,38.2,5,9,13,28,7,84,4431,2016-06-17,8.5,57.29
805,IT,59,Autre,Master,16,58164,37.7,4,3,2,24,11,57,8112,2020-05-16,4.6,29.67
806,Ventes,43,H,Bac,2,55491,35.5,3,10,71,22,11,78,1381,2016-04-11,8.7,30.06
807,RH,23,F,Doctorat,4,89222,38.4,5,7,21,26,15,83,9337,2023-04-13,1.6,44.68
808,Finance,45,Autre,Licence,18,53165,38.3,5,4,19,16,10,7,3515,2021-10-03,3.2,26.69
809,R&D,29,F,Licence,11,33748,38.4,2,6,89,27,15,30,4454,2023-09-29,1.2,16.9
810,RH,32,F,Master,28,56553,33.7,1,4,47,8,13,11,7769,2017-01-31,7.8,32.27
811,R&D,34,F,Doctorat,26,90380,37.0,2,10,22,17,14,20,6489,2017-10-02,7.2,46.98
812,RH,38,Autre,Bac,6,74331,41.8,1,7,75,3,17,93,8384,2017-06-09,7.5,34.2
813,Ventes,29,F,Licence,27,69560,37.1,1,1,33,8,13,61,3534,2021-06-13,3.5,36.06
814,Finance,42,F,Doctorat,8,83865,38.8,5,3,32,15,10,90,755,2020-05-09,4.6,41.57
815,Finance,39,F,Licence,27,76686,38.8,1,3,64,3,1,89,9876,2023-02-19,1.8,38.01
816,Marketing,51,F,Doctorat,5,105910,40.1,3,1,85,15,1,32,2525,2021-07-09,3.4,50.79
817,R&D,39,F,Doctorat,28,34675,40.8,3,6,39,18,15,25,827,2017-08-11,7.3,16.34
818,RH,52,H,Master,25,96706,37.1,3,9,84,0,16,89,9081,2018-12-14,6.0,50.13
819,RH,59,H,Licence,16,107986,33.4,5,8,72,22,12,99,4748,2023-05-28,1.5,62.18
820,IT,53,H,Bac,15,106216,31.9,2,7,42,5,6,39,2333,2019-07-31,5.4,64.03
821,Marketing,32,H,Master,22,40068,43.1,4,10,9,9,6,64,4946,2022-10-07,2.2,17.88
822,IT,46,H,Master,2,84460,41.9,1,8,25,15,12,58,8302,2017-04-11,7.7,38.76
823,IT,54,H,Bac,20,76418,41.2,4,6,89,3,15,14,8046,2017-04-23,7.6,35.67
824,IT,59,F,Master,25,56206,42.1,2,9,97,21,4,0,8984,2021-04-16,3.6,25.67
825,R&D,62,H,Doctorat,3,30287,37.2,2,3,2,21,4,10,7181,2023-09-02,1.3,15.66
826,R&D,29,F,Doctorat,9,52337,34.9,5,10,19,12,2,54,3414,2018-08-12,6.3,28.84
827,Ventes,32,H,Licence,4,50666,33.1,3,10,20,15,12,1,9501,2015-07-03,9.4,29.44
828,Ventes,43,H,Licence,20,31161,32.6,3,9,93,19,7,64,6457,2018-07-07,6.4,18.38
829,IT,45,F,Bac,21,68751,44.1,2,4,70,29,9,94,6749,2022-10-17,2.1,29.98
830,Marketing,62,F,Licence,29,112063,35.5,5,7,17,28,9,43,296,2019-08-18,5.3,60.71
831,RH,38,H,Doctorat,9,119389,43.3,5,9,89,5,8,15,9821,2021-02-11,3.8,53.02
832,R&D,33,F,Bac,11,44758,37.1,1,2,68,25,14,21,568,2018-12-03,6.0,23.2
833,Marketing,53,F,Bac,9,95780,34.6,3,2,94,10,1,17,5283,2023-08-07,1.3,53.23
834,Finance,36,H,Licence,28,33178,32.5,2,9,84,23,12,46,7664,2022-11-25,2.0,19.63
835,R&D,37,H,Doctorat,12,61831,35.1,4,3,3,28,2,80,7511,2019-12-02,5.0,33.88
836,R&D,43,Autre,Bac,10,32176,45.1,3,9,87,2,13,29,5465,2016-09-18,8.2,13.72
837,Ventes,49,F,Doctorat,21,63654,32.6,1,5,51,19,4,9,8263,2022-12-16,2.0,37.55
838,RH,41,F,Doctorat,15,56627,48.6,5,6,82,9,18,98,4382,2020-08-17,4.3,22.41
839,RH,54,F,Doctorat,7,82550,33.8,2,2,26,28,19,57,65,2017-02-21,7.8,46.97
840,Finance,31,H,Licence,7,74910,41.7,3,8,56,27,16,61,879,2019-02-16,5.8,34.55
841,Finance,61,H,Master,26,88251,37.3,4,9,64,29,14,84,8259,2019-11-20,5.0,45.5
842,R&D,53,H,Master,24,65422,36.4,1,2,8,0,8,79,9408,2017-02-13,7.8,34.56
843,IT,54,F,Bac,7,41984,31.6,1,6,81,19,12,5,7222,2019-10-26,5.1,25.55
844,Ventes,23,F,Doctorat,12,119312,37.5,3,6,95,10,9,66,5069,2020-02-07,4.8,61.19
845,Ventes,54,F,Licence,26,91386,32.2,4,8,37,25,6,40,3239,2017-10-03,7.2,54.58
846,R&D,54,H,Doctorat,1,113291,29.6,1,10,97,25,18,42,507,2016-11-07,8.1,73.6
847,Marketing,62,H,Doctorat,29,37135,38.6,2,5,27,11,2,84,7704,2023-08-21,1.3,18.5
848,IT,34,F,Licence,29,30320,34.8,1,9,45,13,8,76,1125,2020-01-05,4.9,16.76
849,R&D,51,F,Master,11,51684,46.4,4,1,4,24,14,17,885,2015-07-30,9.4,21.42
850,IT,54,F,Doctorat,9,85913,43.0,5,9,86,7,6,57,2841,2018-08-29,6.3,38.42
851,IT,34,H,Doctorat,11,118774,46.5,5,10,90,10,10,59,7975,2019-06-16,5.5,49.12
852,IT,47,F,Master,10,51889,34.6,3,7,96,3,8,87,6565,2018-09-22,6.2,28.84
853,R&D,43,H,Licence,14,78899,38.7,4,4,88,27,17,26,6083,2016-05-04,8.6,39.21
854,Ventes,60,F,Bac,15,40770,24.9,1,3,99,6,12,67,4870,2018-11-27,6.0,31.49
855,Ventes,23,H,Master,16,69321,36.6,1,10,37,9,17,21,2525,2022-05-10,2.6,36.42
856,IT,59,F,Bac,25,115962,38.5,5,6,96,18,13,23,9117,2015-07-10,9.4,57.92
857,Marketing,60,H,Bac,1,71777,38.8,5,1,71,24,19,39,4215,2022-06-11,2.5,35.58
858,RH,47,F,Master,17,76250,37.8,2,3,33,25,12,73,1938,2017-04-22,7.6,38.79
859,R&D,36,H,Doctorat,11,103034,38.3,5,2,31,3,16,65,3232,2015-12-01,9.0,51.73
860,RH,55,H,Bac,18,70130,24.4,2,9,55,1,5,39,3744,2019-07-01,5.4,55.27
861,Marketing,63,H,Bac,25,111931,39.3,1,3,12,25,16,5,6221,2018-01-15,6.9,54.77
862,R&D,61,H,Licence,22,79346,40.4,2,2,11,20,6,17,3465,2016-08-01,8.3,37.77
863,IT,32,H,Doctorat,17,32537,44.7,2,4,88,17,11,80,440,2015-03-03,9.8,14.0
864,Ventes,24,F,Bac,29,114762,39.8,3,2,72,13,17,86,461,2016-01-22,8.9,55.45
865,RH,27,H,Licence,16,45216,37.3,5,1,32,25,14,29,8803,2018-03-15,6.7,23.31
866,Finance,30,F,Doctorat,29,114149,43.5,2,6,57,15,6,20,5413,2021-01-09,3.9,50.46
867,Finance,27,F,Master,5,33009,26.2,1,10,38,21,11,61,5755,2016-09-10,8.2,24.23
868,Marketing,30,F,Master,24,119904,35.4,4,8,60,10,12,9,5012,2019-08-11,5.3,65.14
869,IT,60,H,Licence,14,59327,34.2,2,10,86,9,13,12,3163,2022-07-08,2.4,33.36
870,RH,52,H,Master,2,44209,37.8,5,10,98,16,4,75,6752,2020-02-21,4.8,22.49
871,IT,53,F,Bac,5,78443,27.0,3,2,19,13,7,8,5,2021-02-03,3.8,55.87
872,RH,62,Autre,Doctorat,2,45029,44.6,1,9,84,21,2,67,4776,2022-12-04,2.0,19.42
873,Marketing,33,H,Bac,29,97613,36.8,3,3,56,3,6,38,7038,2016-05-01,8.6,51.01
874,Marketing,29,H,Bac,28,109443,39.6,4,8,14,18,6,23,6414,2018-07-01,6.4,53.15
875,Finance,29,H,Master,0,86997,39.1,2,8,33,1,18,33,5739,2021-12-22,3.0,42.79
876,IT,49,Autre,Bac,29,92559,44.3,2,3,10,6,8,60,3970,2016-06-24,8.5,40.18
877,R&D,41,H,Master,12,94892,28.7,5,3,80,8,8,40,2606,2019-03-16,5.7,63.58
878,Finance,28,H,Doctorat,27,100409,38.6,2,6,64,27,8,4,98,2020-08-22,4.3,50.02
879,IT,32,F,Doctorat,20,38635,43.7,1,1,64,18,8,78,525,2015-05-31,9.5,17.0
880,Finance,41,H,Bac,25,63065,37.5,4,4,62,15,1,49,6337,2017-12-09,7.0,32.34
881,R&D,37,H,Licence,13,63783,33.2,3,1,68,21,2,3,1180,2018-05-23,6.5,36.95
882,Ventes,25,F,Master,12,64152,35.0,4,3,91,24,12,50,8067,2017-09-17,7.2,35.25
883,Ventes,27,F,Master,26,88741,36.0,2,9,92,15,15,51,9881,2022-05-15,2.6,47.4
884,Ventes,43,H,Bac,3,81502,34.4,3,5,43,17,4,38,9330,2016-01-07,8.9,45.56
885,Ventes,47,H,Master,6,59092,37.2,5,5,80,22,3,7,4491,2018-02-10,6.8,30.55
886,RH,24,H,Master,21,47653,45.5,4,4,59,20,14,44,5922,2021-04-18,3.6,20.14
887,Ventes,62,H,Licence,9,70469,35.0,3,3,52,20,8,87,3071,2020-10-01,4.2,38.72
888,R&D,63,F,Licence,6,116483,35.6,3,5,97,10,13,27,5641,2018-02-27,6.8,62.92
889,Marketing,35,H,Bac,20,89754,40.3,3,4,19,6,19,26,7381,2015-07-12,9.4,42.83
890,Marketing,32,H,Licence,14,59978,37.1,1,8,21,8,5,64,2792,2022-03-23,2.7,31.09
891,RH,39,H,Bac,14,117592,31.4,4,4,22,3,13,33,4778,2017-12-16,7.0,72.02
892,Ventes,33,F,Doctorat,3,73169,37.7,3,8,9,24,1,80,14,2020-11-14,4.1,37.32
893,Ventes,44,F,Bac,22,78287,37.5,4,6,9,29,16,61,2415,2015-07-17,9.4,40.15
894,Ventes,33,F,Doctorat,22,84745,42.9,3,5,73,12,2,61,2685,2021-01-03,3.9,37.99
895,Finance,34,H,Bac,5,35543,33.1,5,4,27,26,7,37,9428,2019-05-18,5.6,20.65
896,IT,46,F,Master,23,86392,42.9,5,4,17,25,6,25,8159,2019-05-20,5.5,38.73
897,Finance,40,F,Licence,19,51067,37.5,5,4,44,24,5,23,7926,2022-08-02,2.3,26.19
898,IT,57,H,Doctorat,25,81033,32.5,2,9,45,28,4,38,4100,2016-11-14,8.1,47.95
899,Ventes,29,H,Bac,4,75256,31.5,3,4,8,3,2,20,6374,2023-06-11,1.5,45.94
900,Ventes,50,H,Licence,19,99345,47.7,2,9,80,18,10,93,6004,2015-11-29,9.0,40.05
901,Finance,53,H,Bac,11,52191,37.2,4,10,18,1,5,46,5521,2018-05-28,6.5,26.98
902,Finance,39,H,Licence,0,116803,42.7,2,6,33,8,18,47,9799,2018-11-22,6.0,52.6
903,IT,27,H,Licence,27,102742,29.5,4,10,1,11,10,12,7155,2018-09-27,6.2,66.98
904,Marketing,39,H,Bac,7,116593,51.2,4,7,76,1,15,2,3297,2019-12-27,4.9,43.79
905,IT,40,F,Doctorat,0,58992,42.5,4,10,6,5,9,31,2633,2022-01-03,2.9,26.69
906,Finance,43,H,Doctorat,4,111531,36.7,2,3,41,4,11,34,3890,2021-01-28,3.9,58.44
907,R&D,58,F,Master,21,78803,36.5,3,8,55,29,17,18,791,2019-01-31,5.8,41.52
908,Finance,53,F,Licence,5,93477,41.7,2,3,5,4,9,13,9191,2019-11-07,5.1,43.11
909,R&D,62,F,Master,28,43210,41.4,3,1,59,19,16,47,151,2020-07-03,4.4,20.07
910,RH,24,F,Master,20,113329,38.9,3,10,80,21,6,85,3063,2023-11-12,1.1,56.03
911,Finance,49,H,Bac,2,56270,38.1,4,5,18,4,11,80,6367,2023-11-16,1.1,28.4
912,RH,31,F,Bac,14,92008,40.8,2,2,49,26,17,67,7904,2022-02-24,2.8,43.37
913,Marketing,56,H,Bac,4,35197,29.3,3,10,82,3,4,44,2091,2022-01-03,2.9,23.1
914,IT,50,H,Licence,27,37452,36.1,5,6,65,28,15,18,4599,2018-04-27,6.6,19.95
915,R&D,36,F,Bac,23,71486,29.8,3,10,83,8,1,63,7408,2018-02-17,6.8,46.13
916,IT,54,H,Bac,13,44859,41.0,5,9,54,28,1,65,2977,2015-04-15,9.6,21.04
917,RH,28,H,Licence,17,57236,34.6,2,1,61,21,9,78,842,2022-06-14,2.5,31.81
918,R&D,33,F,Licence,15,61899,30.1,2,4,8,26,12,65,3793,2017-03-17,7.7,39.55
919,IT,51,F,Doctorat,5,62083,34.0,2,1,3,9,4,74,1659,2017-11-30,7.0,35.11
920,Finance,42,F,Bac,24,97708,38.7,3,1,25,15,13,44,8789,2017-06-07,7.5,48.55
921,Ventes,52,H,Bac,23,46663,37.0,1,8,69,9,7,86,5162,2023-01-02,1.9,24.25
922,RH,45,F,Bac,13,49053,32.1,3,2,55,28,8,73,6446,2022-06-17,2.5,29.39
923,IT,41,H,Doctorat,26,41085,29.5,3,1,40,9,13,66,4270,2015-11-17,9.1,26.78
924,RH,58,F,Bac,23,60564,38.4,4,8,83,28,11,68,3603,2021-07-10,3.4,30.33
925,RH,25,F,Doctorat,7,119745,35.1,4,4,82,18,9,2,6764,2023-11-06,1.1,65.61
926,R&D,49,F,Master,28,89095,36.7,3,3,50,9,16,37,1216,2021-04-30,3.6,46.69
927,R&D,41,F,Doctorat,6,99517,37.2,5,4,95,5,10,76,2291,2022-12-22,2.0,51.45
928,Ventes,45,H,Master,7,51153,40.2,4,5,33,29,11,41,3811,2019-02-09,5.8,24.47
929,Finance,53,F,Bac,12,35247,42.2,3,1,18,16,12,82,4993,2021-07-27,3.4,16.06
930,RH,62,F,Master,5,40553,38.7,1,1,57,4,14,39,5142,2019-04-18,5.6,20.15
931,IT,57,H,Doctorat,17,50811,36.4,5,3,16,25,19,49,6862,2019-12-02,5.0,26.84
932,Marketing,55,F,Licence,1,36135,38.1,2,6,80,5,12,34,9123,2023-12-26,0.9,18.24
933,RH,57,H,Master,7,35573,36.3,3,1,38,26,18,23,6533,2019-02-28,5.8,18.85
934,RH,23,F,Master,10,109267,29.8,3,2,41,23,17,87,7526,2020-04-02,4.7,70.51
935,Ventes,36,F,Bac,0,37189,43.5,5,7,7,26,3,16,2978,2020-02-09,4.8,16.44
936,Finance,55,F,Doctorat,21,110077,42.5,4,1,78,14,1,39,5347,2018-11-06,6.1,49.81
937,Marketing,57,H,Master,28,73646,47.9,4,7,53,24,19,73,7933,2022-06-16,2.5,29.57
938,R&D,27,F,Master,5,106623,49.4,4,4,63,26,4,65,4595,2019-02-13,5.8,41.51
939,R&D,60,F,Master,15,83687,32.1,2,10,89,18,16,43,6211,2023-02-14,1.8,50.14
940,IT,63,F,Master,26,98312,36.3,5,6,32,17,12,22,9955,2020-05-13,4.6,52.08
941,Marketing,33,H,Licence,19,57564,50.6,5,8,38,28,13,5,2170,2015-01-05,9.9,21.88
942,R&D,24,H,Doctorat,11,58835,37.8,4,9,22,3,17,65,8527,2020-09-12,4.2,29.93
943,IT,39,F,Bac,10,91587,39.2,4,6,16,7,8,20,9368,2018-03-14,6.7,44.93
944,Finance,61,H,Bac,28,37697,30.4,1,9,52,26,13,34,3021,2021-07-26,3.4,23.85
945,IT,42,F,Licence,26,110165,38.8,1,4,29,15,5,28,8970,2022-03-15,2.7,54.6
946,R&D,36,F,Doctorat,28,103922,47.7,3,6,16,23,18,6,7836,2021-11-17,3.0,41.9
947,Ventes,54,F,Master,9,47046,44.4,3,8,76,18,15,92,1185,2015-12-14,9.0,20.38
948,Ventes,56,F,Licence,2,87823,35.0,5,9,17,19,12,52,3285,2019-11-01,5.1,48.25
949,Ventes,47,F,Doctorat,12,103580,36.0,5,3,64,2,17,36,3447,2015-05-05,9.6,55.33
950,R&D,29,H,Master,26,83370,32.3,2,2,91,9,15,22,3991,2019-12-19,5.0,49.64
951,Ventes,57,H,Licence,2,39615,33.7,2,6,89,1,2,96,9130,2021-08-01,3.3,22.61
952,Marketing,51,H,Doctorat,14,35060,28.4,1,4,13,3,6,7,4899,2022-01-18,2.9,23.74
953,Finance,44,H,Bac,15,106436,37.6,3,1,72,5,17,75,1935,2016-05-12,8.6,54.44
954,IT,63,F,Bac,28,90519,45.6,1,8,56,10,16,47,8825,2018-03-22,6.7,38.17
955,IT,35,F,Doctorat,12,101117,39.8,1,9,5,13,17,9,9445,2015-02-22,9.8,48.86
956,R&D,35,F,Bac,16,91158,44.8,3,9,12,15,9,78,9274,2015-05-29,9.5,39.13
957,Ventes,23,F,Doctorat,2,64782,43.4,2,2,41,26,5,23,1285,2016-05-17,8.6,28.71
958,Ventes,58,Autre,Master,19,115709,35.3,3,9,3,20,1,89,8545,2017-05-19,7.6,63.04
959,RH,26,F,Doctorat,10,108533,34.2,4,7,99,18,6,46,7479,2015-08-07,9.3,61.03
960,Finance,59,F,Master,26,88255,34.4,4,5,33,1,14,52,5255,2018-07-24,6.4,49.34
961,Marketing,62,F,Licence,20,102684,29.4,4,7,86,24,17,38,1885,2021-11-04,3.1,67.17
962,IT,35,H,Doctorat,18,86918,38.2,5,9,50,16,19,66,5062,2020-10-31,4.1,43.76
963,RH,60,H,Licence,21,114284,23.5,2,8,56,8,1,65,7066,2017-01-07,7.9,93.52
964,RH,46,H,Bac,10,109558,41.0,2,6,9,16,1,5,3022,2022-01-18,2.9,51.39
965,R&D,41,F,Master,29,115549,38.4,5,4,82,14,13,20,5265,2021-09-17,3.2,57.87
966,IT,23,F,Doctorat,27,111422,40.4,1,1,50,29,14,72,1547,2015-10-17,9.1,53.04
967,R&D,60,H,Licence,15,55256,43.3,4,6,29,6,6,73,4204,2021-10-03,3.2,24.54
968,Marketing,27,H,Master,20,60005,39.0,4,3,39,21,6,35,7590,2015-12-05,9.0,29.59
969,RH,38,F,Master,2,36638,46.2,1,6,91,22,1,2,1368,2022-09-25,2.2,15.25
970,RH,46,H,Bac,21,67419,41.1,3,6,45,18,14,87,1757,2022-07-21,2.4,31.55
971,Finance,49,H,Bac,5,63377,34.2,3,4,17,29,3,85,9709,2019-08-21,5.3,35.64
972,Marketing,23,F,Master,13,73116,36.8,2,2,56,2,10,77,4917,2020-02-12,4.8,38.21
973,RH,56,H,Master,23,66634,26.7,5,9,98,28,19,41,3484,2017-09-13,7.2,47.99
974,Marketing,58,H,Doctorat,17,112291,33.5,2,2,46,26,19,44,3052,2017-08-16,7.3,64.46
975,IT,26,F,Master,16,53382,36.1,3,3,67,0,19,43,8382,2018-05-15,6.6,28.44
976,Ventes,22,F,Doctorat,3,86063,40.7,1,10,69,3,4,90,932,2022-06-26,2.4,40.66
977,RH,61,F,Master,22,52394,34.2,2,1,14,27,19,32,4237,2018-07-12,6.4,29.46
978,Finance,33,H,Bac,14,97789,31.8,4,7,67,17,10,59,7240,2020-06-29,4.4,59.14
979,IT,57,H,Doctorat,10,30864,28.6,4,1,23,25,2,85,3238,2023-07-05,1.4,20.75
980,Marketing,44,H,Licence,25,70222,35.0,1,9,94,7,4,92,565,2016-01-08,8.9,38.58
981,R&D,52,F,Bac,2,43666,47.8,3,1,61,18,6,82,5378,2019-02-20,5.8,17.57
982,IT,32,F,Doctorat,2,50955,39.4,4,5,23,22,7,82,5558,2023-04-30,1.6,24.87
983,RH,31,H,Doctorat,15,111845,42.7,4,7,27,22,16,69,9326,2016-06-14,8.5,50.37
984,Marketing,24,F,Licence,4,99590,33.5,5,3,54,27,7,82,743,2017-07-12,7.4,57.17
985,Ventes,35,H,Doctorat,20,96471,30.1,2,9,10,24,18,76,8864,2015-01-23,9.9,61.63
986,IT,37,H,Master,28,118314,31.9,3,8,89,5,19,25,8722,2020-11-21,4.0,71.33
987,RH,31,H,Licence,9,73298,37.5,2,3,77,0,9,85,5409,2015-08-29,9.3,37.59
988,Finance,50,H,Bac,18,93108,28.0,3,5,16,7,10,20,8753,2017-10-01,7.2,63.95
989,R&D,31,F,Bac,24,78924,33.0,4,7,41,0,13,99,5629,2023-01-29,1.8,45.99
990,Marketing,33,F,Master,3,46709,35.1,5,4,98,18,18,1,6318,2020-03-11,4.7,25.59
991,IT,51,H,Bac,28,39726,31.4,2,5,55,10,16,46,301,2018-03-11,6.7,24.33
992,IT,62,F,Doctorat,28,90824,27.4,4,3,61,20,17,29,3767,2017-03-24,7.7,63.75
993,Ventes,22,H,Doctorat,18,70542,39.4,3,9,86,23,13,26,4280,2016-10-16,8.1,34.43
994,Ventes,26,F,Master,10,50245,38.2,2,10,81,24,12,70,7506,2017-02-21,7.8,25.29
995,Finance,41,F,Bac,1,64753,41.9,2,9,87,14,10,19,8701,2021-06-12,3.5,29.72
996,R&D,29,H,Bac,9,109788,32.4,4,7,49,22,1,49,6962,2015-01-08,9.9,65.16
997,Finance,64,F,Master,28,51316,41.8,2,10,73,24,8,94,5429,2023-08-07,1.3,23.61
998,RH,33,H,Licence,10,114698,45.6,5,2,52,10,18,22,7248,2019-09-11,5.2,48.37
999,RH,22,H,Bac,24,45960,39.3,5,7,2,18,2,12,3445,2016-07-28,8.4,22.49
1000,Finance,41,H,Licence,19,60791,35.0,4,7,96,28,16,80,2203,2023-08-06,1.3,33.4
