,Age,GarageArea,TotalSF,MasVnrArea,WoodDeckSF,BsmtFinSF1,2ndFlrSF,BsmtFinSF2,MiscVal,LotArea,SalePrice
0,5.0,548.0,2566.0,196.0,0.0,706.0,854.0,0.0,0.0,8450.0,208500.0
1,31.0,460.0,2524.0,0.0,298.0,978.0,0.0,0.0,0.0,9600.0,181500.0
2,6.0,608.0,2706.0,162.0,0.0,486.0,866.0,0.0,0.0,11250.0,223500.0
3,36.0,642.0,2473.0,0.0,0.0,216.0,756.0,0.0,0.0,9550.0,140000.0
4,8.0,836.0,3343.0,350.0,192.0,655.0,1053.0,0.0,0.0,14260.0,250000.0
5,14.0,480.0,2158.0,0.0,40.0,732.0,566.0,0.0,700.0,14115.0,143000.0
6,2.0,636.0,3380.0,186.0,255.0,1369.0,0.0,0.0,0.0,10084.0,307000.0
7,36.0,484.0,3197.0,240.0,235.0,859.0,983.0,32.0,350.0,10382.0,200000.0
8,58.0,468.0,2726.0,0.0,90.0,0.0,752.0,0.0,0.0,6120.0,129900.0
9,58.0,205.0,2068.0,0.0,0.0,851.0,0.0,0.0,0.0,7420.0,118000.0
10,43.0,384.0,2080.0,0.0,0.0,906.0,0.0,0.0,0.0,11200.0,129500.0
11,0.0,736.0,3499.0,286.0,147.0,998.0,1142.0,0.0,0.0,11924.0,345000.0
12,46.0,352.0,1824.0,0.0,140.0,737.0,0.0,0.0,0.0,12968.0,144000.0
13,0.0,840.0,2988.0,306.0,160.0,0.0,0.0,0.0,0.0,10652.0,279500.0
14,48.0,352.0,2506.0,212.0,0.0,733.0,0.0,0.0,0.0,10920.0,157000.0
15,6.0,576.0,1686.0,0.0,48.0,0.0,0.0,0.0,0.0,6120.0,132000.0
16,40.0,480.0,2008.0,180.0,0.0,578.0,0.0,0.0,700.0,11241.0,149000.0
17,39.0,516.0,1296.0,0.0,0.0,0.0,0.0,0.0,500.0,10791.0,90000.0
18,4.0,576.0,2228.0,0.0,0.0,646.0,0.0,0.0,0.0,13695.0,159000.0
19,44.0,294.0,2368.0,0.0,0.0,504.0,0.0,0.0,0.0,7560.0,139000.0
20,0.0,853.0,3534.0,380.0,240.0,0.0,1218.0,0.0,0.0,14215.0,325300.0
21,57.0,280.0,1745.0,0.0,0.0,0.0,0.0,0.0,0.0,7449.0,139400.0
22,6.0,534.0,3572.0,281.0,171.0,0.0,0.0,0.0,0.0,9742.0,230000.0
23,31.0,572.0,2100.0,0.0,100.0,840.0,0.0,0.0,0.0,4224.0,129900.0
24,9.0,270.0,2120.0,0.0,406.0,188.0,0.0,668.0,0.0,8246.0,154000.0
25,2.0,890.0,3166.0,640.0,0.0,0.0,0.0,0.0,0.0,14230.0,256300.0
26,10.0,576.0,1800.0,0.0,222.0,234.0,0.0,486.0,0.0,7200.0,134800.0
27,2.0,772.0,3408.0,200.0,0.0,1218.0,0.0,0.0,0.0,11478.0,306000.0
28,9.0,319.0,3084.0,0.0,288.0,1277.0,0.0,0.0,0.0,16321.0,207500.0
29,58.0,240.0,1040.0,0.0,49.0,0.0,0.0,0.0,0.0,6324.0,68500.0
30,58.0,250.0,1966.0,0.0,0.0,0.0,668.0,0.0,0.0,8500.0,40000.0
31,2.0,271.0,2456.0,0.0,0.0,0.0,0.0,0.0,0.0,8544.0,149350.0
32,1.0,484.0,2468.0,0.0,0.0,0.0,0.0,0.0,0.0,11049.0,179900.0
33,51.0,447.0,3098.0,0.0,0.0,1018.0,0.0,0.0,0.0,10552.0,165500.0
34,2.0,556.0,3122.0,246.0,203.0,1153.0,0.0,0.0,0.0,7313.0,277500.0
35,1.0,691.0,3569.0,132.0,113.0,0.0,1320.0,0.0,0.0,13418.0,309000.0
36,14.0,672.0,2194.0,0.0,392.0,0.0,0.0,0.0,0.0,10859.0,145000.0
37,19.0,498.0,2594.0,650.0,0.0,1213.0,0.0,0.0,0.0,8532.0,153000.0
38,3.0,246.0,2114.0,0.0,0.0,731.0,0.0,0.0,0.0,7922.0,109000.0
39,53.0,0.0,1152.0,0.0,0.0,0.0,0.0,0.0,0.0,6040.0,82000.0
40,41.0,440.0,2412.0,101.0,0.0,643.0,0.0,0.0,0.0,8658.0,160000.0
41,48.0,308.0,2678.0,0.0,0.0,967.0,0.0,0.0,0.0,16905.0,170000.0
42,24.0,504.0,1724.0,0.0,240.0,747.0,0.0,93.0,0.0,9180.0,144000.0
43,28.0,308.0,1876.0,0.0,145.0,280.0,0.0,491.0,0.0,9200.0,130250.0
44,47.0,300.0,2300.0,0.0,0.0,179.0,0.0,506.0,0.0,7945.0,141000.0
45,5.0,576.0,3504.0,412.0,196.0,456.0,0.0,0.0,0.0,7658.0,319900.0
46,6.0,670.0,3583.0,0.0,168.0,1351.0,631.0,0.0,0.0,12822.0,239686.0
47,1.0,826.0,3312.0,0.0,0.0,24.0,0.0,0.0,0.0,11096.0,249700.0
48,1.0,0.0,2188.0,0.0,0.0,0.0,716.0,0.0,0.0,4456.0,113000.0
49,41.0,386.0,1910.0,0.0,0.0,763.0,0.0,0.0,0.0,7742.0,127000.0
50,10.0,388.0,2264.0,0.0,0.0,182.0,676.0,0.0,0.0,13869.0,177000.0
51,56.0,528.0,1992.0,0.0,112.0,0.0,0.0,0.0,400.0,6240.0,114500.0
52,47.0,516.0,1632.0,0.0,106.0,104.0,0.0,712.0,0.0,8472.0,110000.0
53,19.0,894.0,3684.0,0.0,857.0,1810.0,0.0,0.0,0.0,50271.0,385000.0
54,52.0,572.0,1744.0,0.0,0.0,384.0,0.0,0.0,0.0,7134.0,130000.0
55,44.0,576.0,2850.0,272.0,0.0,490.0,0.0,0.0,0.0,10175.0,180500.0
56,9.0,480.0,2709.0,456.0,115.0,649.0,756.0,0.0,0.0,2645.0,172500.0
57,2.0,565.0,2580.0,0.0,0.0,0.0,860.0,0.0,0.0,11645.0,196500.0
58,0.0,641.0,4355.0,1031.0,192.0,0.0,1519.0,0.0,0.0,13682.0,438780.0
59,36.0,352.0,1560.0,0.0,196.0,632.0,0.0,0.0,0.0,7200.0,124900.0
60,2.0,576.0,2316.0,0.0,0.0,941.0,0.0,0.0,0.0,13072.0,158000.0
61,11.0,288.0,1641.0,0.0,0.0,0.0,530.0,0.0,0.0,7200.0,101000.0
62,1.0,484.0,2740.0,178.0,120.0,24.0,0.0,0.0,0.0,6442.0,202500.0
63,60.0,480.0,2286.0,0.0,12.0,0.0,808.0,0.0,0.0,10300.0,140000.0
64,11.0,645.0,3091.0,573.0,576.0,739.0,977.0,0.0,0.0,9375.0,219500.0
65,2.0,852.0,3616.0,344.0,192.0,0.0,1330.0,0.0,0.0,9591.0,317000.0
66,21.0,576.0,4154.0,287.0,301.0,912.0,0.0,0.0,0.0,19900.0,180000.0
67,4.0,558.0,2932.0,167.0,144.0,1013.0,0.0,0.0,0.0,10665.0,226000.0
68,60.0,220.0,1494.0,0.0,0.0,0.0,0.0,0.0,0.0,4608.0,80000.0
69,53.0,667.0,3591.0,0.0,0.0,603.0,983.0,0.0,0.0,15593.0,225000.0
70,34.0,516.0,4446.0,1115.0,300.0,1880.0,0.0,0.0,0.0,13651.0,244000.0
71,1.0,360.0,1690.0,0.0,0.0,565.0,0.0,0.0,0.0,7599.0,129500.0
72,11.0,427.0,2550.0,40.0,0.0,0.0,833.0,0.0,0.0,10141.0,185000.0
73,7.0,490.0,2172.0,104.0,0.0,320.0,0.0,362.0,0.0,10200.0,144900.0
74,60.0,379.0,2445.0,0.0,0.0,0.0,765.0,0.0,0.0,5790.0,107400.0
75,36.0,297.0,1450.0,0.0,120.0,462.0,462.0,0.0,0.0,1596.0,91000.0
76,52.0,283.0,1904.0,0.0,0.0,228.0,0.0,0.0,0.0,8475.0,135750.0
77,7.0,240.0,1957.0,0.0,0.0,336.0,213.0,41.0,0.0,8635.0,127000.0
78,42.0,0.0,3536.0,0.0,0.0,0.0,0.0,0.0,0.0,10778.0,136500.0
79,28.0,440.0,1670.0,0.0,74.0,0.0,548.0,0.0,0.0,10440.0,110000.0
80,41.0,509.0,3038.0,576.0,0.0,448.0,960.0,0.0,0.0,13000.0,193500.0
81,8.0,405.0,2574.0,443.0,0.0,1201.0,0.0,0.0,0.0,4500.0,153500.0
82,1.0,758.0,3126.0,468.0,144.0,33.0,0.0,0.0,0.0,10206.0,245000.0
83,47.0,461.0,2130.0,66.0,74.0,0.0,0.0,0.0,0.0,8892.0,126500.0
84,13.0,400.0,1858.0,22.0,120.0,0.0,670.0,0.0,700.0,8530.0,168500.0
85,14.0,462.0,3705.0,284.0,127.0,0.0,1116.0,0.0,0.0,16059.0,260000.0
86,4.0,400.0,2244.0,0.0,100.0,0.0,876.0,0.0,0.0,11911.0,174000.0
87,0.0,528.0,1836.0,76.0,0.0,0.0,612.0,0.0,0.0,3951.0,164500.0
88,27.0,0.0,2539.0,0.0,0.0,0.0,0.0,0.0,0.0,8470.0,85000.0
89,12.0,0.0,1980.0,0.0,0.0,588.0,0.0,0.0,0.0,8070.0,123600.0
90,56.0,420.0,1040.0,0.0,0.0,0.0,0.0,0.0,0.0,7200.0,109900.0
91,45.0,480.0,2470.0,203.0,0.0,600.0,0.0,0.0,0.0,8500.0,98600.0
92,3.0,432.0,1840.0,0.0,0.0,713.0,0.0,0.0,0.0,13360.0,163500.0
93,9.0,506.0,3505.0,0.0,0.0,1046.0,1031.0,0.0,0.0,7200.0,133900.0
94,10.0,684.0,2610.0,0.0,0.0,648.0,881.0,0.0,0.0,9337.0,204750.0
95,16.0,420.0,2150.0,68.0,232.0,310.0,790.0,0.0,480.0,9765.0,185000.0
96,7.0,472.0,3176.0,183.0,158.0,1162.0,0.0,0.0,0.0,10264.0,214000.0
97,42.0,432.0,1920.0,48.0,120.0,520.0,0.0,0.0,0.0,10921.0,94750.0
98,60.0,366.0,1293.0,0.0,0.0,108.0,0.0,0.0,400.0,10625.0,83000.0
99,51.0,0.0,2175.0,0.0,352.0,569.0,0.0,0.0,400.0,9320.0,128950.0
100,9.0,480.0,3220.0,28.0,168.0,1200.0,0.0,0.0,0.0,10603.0,205000.0
101,25.0,476.0,2473.0,336.0,192.0,0.0,755.0,0.0,0.0,9206.0,178000.0
102,30.0,410.0,1535.0,0.0,0.0,0.0,0.0,0.0,0.0,7018.0,118964.0
103,1.0,740.0,2452.0,0.0,0.0,0.0,0.0,0.0,0.0,10402.0,198900.0
104,57.0,240.0,2858.0,600.0,0.0,224.0,592.0,0.0,0.0,7758.0,169500.0
105,4.0,648.0,3045.0,768.0,140.0,0.0,939.0,0.0,0.0,9375.0,250000.0
106,12.0,273.0,1688.0,0.0,0.0,0.0,0.0,0.0,450.0,10800.0,100000.0
107,58.0,250.0,1578.0,0.0,0.0,104.0,0.0,169.0,0.0,6000.0,115000.0
108,2.0,0.0,2310.0,0.0,0.0,0.0,520.0,0.0,0.0,8500.0,115000.0
109,33.0,546.0,3688.0,480.0,0.0,705.0,0.0,0.0,0.0,11751.0,190000.0
110,34.0,325.0,2849.0,0.0,182.0,444.0,639.0,0.0,0.0,9525.0,136900.0
111,10.0,400.0,1814.0,0.0,180.0,250.0,656.0,0.0,0.0,7750.0,180000.0
112,0.0,792.0,3960.0,220.0,120.0,984.0,1414.0,0.0,0.0,9965.0,383970.0
113,54.0,450.0,4068.0,184.0,166.0,35.0,0.0,869.0,0.0,21000.0,217000.0
114,5.0,180.0,3348.0,0.0,224.0,774.0,884.0,150.0,0.0,7259.0,259500.0
115,8.0,440.0,2187.0,1129.0,0.0,419.0,729.0,0.0,0.0,3230.0,176000.0
116,47.0,288.0,2184.0,116.0,0.0,170.0,0.0,670.0,0.0,11616.0,139000.0
117,0.0,430.0,2250.0,0.0,80.0,0.0,0.0,0.0,0.0,8536.0,155000.0
118,20.0,594.0,4895.0,0.0,367.0,1470.0,1523.0,0.0,0.0,12376.0,320000.0
119,0.0,390.0,2184.0,0.0,0.0,0.0,728.0,0.0,0.0,8461.0,163990.0
120,37.0,540.0,1926.0,0.0,0.0,938.0,0.0,0.0,0.0,21453.0,180000.0
121,57.0,264.0,1855.0,0.0,0.0,0.0,351.0,0.0,0.0,6060.0,100000.0
122,50.0,288.0,2160.0,135.0,0.0,570.0,0.0,0.0,0.0,9464.0,136000.0
123,15.0,530.0,2398.0,0.0,0.0,300.0,0.0,0.0,0.0,7892.0,153900.0
124,11.0,435.0,2948.0,0.0,192.0,0.0,0.0,0.0,0.0,17043.0,181000.0
125,24.0,0.0,1274.0,0.0,53.0,490.0,0.0,0.0,0.0,6780.0,84500.0
126,31.0,440.0,2036.0,0.0,0.0,120.0,0.0,0.0,0.0,4928.0,128000.0
127,57.0,0.0,1512.0,0.0,0.0,116.0,0.0,0.0,0.0,4388.0,87000.0
128,40.0,453.0,2008.0,266.0,188.0,512.0,688.0,0.0,0.0,7590.0,155000.0
129,15.0,750.0,2061.0,85.0,0.0,567.0,0.0,28.0,0.0,8973.0,150000.0
130,40.0,487.0,3081.0,309.0,105.0,445.0,941.0,0.0,0.0,14200.0,226000.0
131,9.0,390.0,3046.0,40.0,24.0,695.0,1032.0,0.0,0.0,12224.0,244000.0
132,5.0,624.0,2390.0,0.0,0.0,405.0,0.0,0.0,0.0,7388.0,150750.0
133,7.0,471.0,2563.0,136.0,192.0,1005.0,0.0,0.0,0.0,6853.0,220000.0
134,13.0,440.0,3182.0,0.0,0.0,570.0,0.0,0.0,0.0,10335.0,180000.0
135,38.0,530.0,2986.0,288.0,98.0,0.0,0.0,0.0,0.0,10400.0,174000.0
136,40.0,318.0,2428.0,196.0,0.0,695.0,0.0,0.0,0.0,10355.0,143000.0
137,17.0,766.0,3866.0,70.0,0.0,0.0,0.0,0.0,0.0,11070.0,171000.0
138,8.0,660.0,2856.0,320.0,224.0,668.0,848.0,0.0,0.0,9066.0,230000.0
139,12.0,470.0,2692.0,0.0,276.0,821.0,836.0,0.0,0.0,15426.0,231500.0
140,39.0,0.0,1728.0,0.0,0.0,432.0,0.0,0.0,0.0,10500.0,115000.0
141,1.0,660.0,3468.0,0.0,160.0,1300.0,0.0,0.0,0.0,11645.0,260000.0
142,58.0,720.0,2295.0,0.0,0.0,507.0,475.0,0.0,0.0,8520.0,166000.0
143,10.0,577.0,2991.0,183.0,144.0,679.0,0.0,0.0,0.0,10335.0,204000.0
144,43.0,504.0,3456.0,336.0,0.0,1332.0,0.0,0.0,0.0,9100.0,125000.0
145,0.0,380.0,2679.0,50.0,0.0,0.0,739.0,0.0,0.0,2522.0,130000.0
146,16.0,180.0,1590.0,0.0,48.0,209.0,0.0,0.0,0.0,6120.0,105000.0
147,9.0,434.0,2919.0,180.0,144.0,0.0,1151.0,0.0,0.0,9505.0,222500.0
148,3.0,0.0,2160.0,120.0,0.0,680.0,0.0,0.0,0.0,7500.0,141000.0
149,56.0,240.0,2240.0,0.0,200.0,0.0,448.0,0.0,0.0,6240.0,115000.0
150,32.0,440.0,1938.0,0.0,0.0,716.0,0.0,0.0,0.0,10356.0,122000.0
151,0.0,866.0,3420.0,436.0,0.0,1400.0,0.0,0.0,0.0,13891.0,372402.0
152,35.0,495.0,2818.0,252.0,0.0,416.0,896.0,0.0,0.0,14803.0,190000.0
153,33.0,564.0,2854.0,0.0,409.0,429.0,0.0,1080.0,0.0,13500.0,235000.0
154,56.0,312.0,2400.0,0.0,0.0,0.0,0.0,0.0,0.0,11340.0,125000.0
155,58.0,0.0,1668.0,0.0,0.0,0.0,524.0,0.0,0.0,9600.0,79000.0
156,56.0,625.0,1040.0,0.0,0.0,0.0,0.0,0.0,0.0,7200.0,109500.0
157,0.0,680.0,2742.0,84.0,0.0,0.0,1194.0,0.0,0.0,12003.0,269500.0
158,5.0,678.0,2938.0,0.0,0.0,222.0,956.0,0.0,0.0,12552.0,254900.0
159,0.0,576.0,3854.0,456.0,239.0,57.0,1070.0,0.0,0.0,19378.0,320000.0
160,24.0,516.0,2464.0,0.0,0.0,660.0,0.0,0.0,0.0,11120.0,162500.0
161,4.0,726.0,4240.0,664.0,400.0,1016.0,1096.0,0.0,0.0,13688.0,412500.0
162,5.0,532.0,3082.0,226.0,0.0,1201.0,0.0,0.0,0.0,12182.0,220000.0
163,51.0,0.0,1764.0,0.0,0.0,0.0,0.0,0.0,0.0,5500.0,103200.0
164,3.0,216.0,2765.0,0.0,0.0,370.0,467.0,0.0,0.0,5400.0,152000.0
165,9.0,0.0,1999.0,0.0,140.0,351.0,547.0,181.0,0.0,10106.0,127500.0
166,16.0,303.0,3484.0,0.0,476.0,379.0,0.0,768.0,0.0,10708.0,190000.0
167,0.0,789.0,3743.0,300.0,178.0,1288.0,551.0,0.0,0.0,10562.0,325624.0
168,3.0,440.0,2560.0,0.0,100.0,0.0,880.0,0.0,0.0,8244.0,183500.0
169,25.0,511.0,3393.0,653.0,574.0,0.0,0.0,0.0,0.0,16669.0,228000.0
170,57.0,660.0,2102.0,0.0,237.0,360.0,0.0,0.0,0.0,12358.0,128500.0
171,50.0,528.0,2736.0,112.0,210.0,639.0,0.0,0.0,0.0,31770.0,215000.0
172,19.0,504.0,2831.0,0.0,441.0,495.0,703.0,215.0,0.0,5306.0,239000.0
173,47.0,504.0,2724.0,491.0,0.0,288.0,0.0,374.0,0.0,10197.0,163000.0
174,22.0,616.0,3257.0,132.0,192.0,1398.0,0.0,208.0,0.0,12416.0,184000.0
175,6.0,576.0,3360.0,0.0,0.0,477.0,0.0,0.0,0.0,12615.0,243000.0
176,18.0,521.0,3211.0,268.0,0.0,831.0,896.0,0.0,0.0,10029.0,211000.0
177,48.0,451.0,2972.0,0.0,0.0,57.0,668.0,441.0,0.0,13650.0,172500.0
178,0.0,1166.0,4450.0,748.0,0.0,1904.0,0.0,0.0,0.0,17423.0,501837.0
179,1.0,480.0,1936.0,0.0,0.0,0.0,0.0,0.0,0.0,8520.0,100000.0
180,7.0,440.0,2281.0,456.0,0.0,436.0,756.0,0.0,0.0,2117.0,177000.0
181,56.0,216.0,2595.0,0.0,0.0,352.0,901.0,0.0,0.0,7588.0,200100.0
182,1.0,252.0,1340.0,98.0,116.0,0.0,0.0,0.0,0.0,9060.0,120000.0
183,5.0,484.0,3444.0,0.0,280.0,0.0,720.0,0.0,0.0,11426.0,200000.0
184,15.0,576.0,1756.0,0.0,104.0,0.0,316.0,0.0,0.0,7438.0,127000.0
185,13.0,840.0,4715.0,0.0,0.0,0.0,1518.0,0.0,0.0,22950.0,475000.0
186,18.0,497.0,2405.0,0.0,168.0,611.0,0.0,0.0,0.0,9947.0,173000.0
187,22.0,180.0,2316.0,0.0,0.0,0.0,704.0,0.0,0.0,10410.0,135000.0
188,30.0,528.0,2310.0,275.0,120.0,1086.0,0.0,0.0,0.0,7018.0,153337.0
189,6.0,682.0,3186.0,0.0,0.0,1153.0,0.0,0.0,0.0,4923.0,286000.0
190,13.0,440.0,3580.0,0.0,0.0,297.0,1178.0,0.0,0.0,10570.0,315000.0
191,3.0,484.0,2204.0,138.0,0.0,626.0,754.0,0.0,0.0,7472.0,184000.0
192,10.0,666.0,2862.0,0.0,0.0,560.0,0.0,0.0,0.0,9017.0,192000.0
193,2.0,380.0,2679.0,50.0,0.0,0.0,739.0,0.0,0.0,2522.0,130000.0
194,36.0,352.0,1728.0,0.0,0.0,390.0,0.0,0.0,0.0,7180.0,127000.0
195,33.0,440.0,2311.0,0.0,87.0,566.0,601.0,0.0,0.0,2280.0,148500.0
196,0.0,786.0,3452.0,205.0,171.0,1126.0,0.0,0.0,0.0,9416.0,311872.0
197,16.0,795.0,4472.0,0.0,0.0,1036.0,1360.0,184.0,0.0,25419.0,235000.0
198,59.0,0.0,2984.0,0.0,0.0,0.0,929.0,0.0,0.0,5520.0,104000.0
199,4.0,856.0,3426.0,262.0,0.0,1088.0,0.0,0.0,0.0,9591.0,274900.0
200,6.0,440.0,2242.0,0.0,132.0,0.0,0.0,0.0,0.0,8546.0,140000.0
201,31.0,473.0,2475.0,0.0,238.0,641.0,0.0,279.0,0.0,10125.0,171500.0
202,56.0,398.0,1927.0,0.0,0.0,617.0,445.0,0.0,0.0,7000.0,112000.0
203,4.0,420.0,1696.0,205.0,149.0,662.0,0.0,0.0,0.0,4438.0,149000.0
204,59.0,240.0,2004.0,0.0,0.0,312.0,564.0,0.0,0.0,3500.0,110000.0
205,19.0,500.0,2866.0,0.0,0.0,0.0,0.0,0.0,0.0,11851.0,180500.0
206,45.0,349.0,2836.0,0.0,0.0,0.0,0.0,0.0,0.0,13673.0,143900.0
207,48.0,312.0,2200.0,0.0,355.0,419.0,0.0,306.0,0.0,12493.0,141000.0
208,18.0,454.0,3219.0,128.0,60.0,1065.0,882.0,0.0,0.0,14364.0,277000.0
209,44.0,504.0,2184.0,260.0,0.0,787.0,0.0,0.0,0.0,8250.0,145000.0
210,58.0,0.0,1728.0,0.0,0.0,468.0,0.0,0.0,0.0,5604.0,98000.0
211,1.0,460.0,2424.0,0.0,100.0,36.0,0.0,0.0,0.0,10420.0,186000.0
212,0.0,644.0,2752.0,0.0,168.0,822.0,920.0,0.0,0.0,8640.0,252678.0
213,11.0,576.0,1980.0,0.0,224.0,716.0,0.0,0.0,0.0,13568.0,156000.0
214,33.0,299.0,2081.0,153.0,0.0,378.0,703.0,0.0,450.0,10900.0,161750.0
215,10.0,447.0,2306.0,64.0,0.0,360.0,0.0,0.0,0.0,10011.0,134450.0
216,4.0,484.0,2872.0,266.0,139.0,946.0,0.0,0.0,0.0,8450.0,210000.0
217,56.0,210.0,2014.0,0.0,0.0,0.0,518.0,0.0,0.0,9906.0,107000.0
218,2.0,431.0,2752.0,312.0,0.0,341.0,817.0,0.0,0.0,15660.0,311500.0
219,0.0,438.0,2496.0,16.0,108.0,16.0,0.0,0.0,0.0,3010.0,167240.0
220,0.0,675.0,2996.0,0.0,351.0,0.0,0.0,0.0,0.0,8990.0,204900.0
221,7.0,390.0,3277.0,0.0,120.0,0.0,1257.0,0.0,0.0,8068.0,200000.0
222,31.0,434.0,2265.0,0.0,209.0,550.0,741.0,0.0,0.0,11475.0,179900.0
223,38.0,576.0,1728.0,0.0,216.0,524.0,0.0,180.0,0.0,10500.0,97000.0
224,6.0,968.0,4784.0,922.0,248.0,56.0,0.0,0.0,0.0,13472.0,386250.0
225,38.0,280.0,1932.0,142.0,0.0,0.0,672.0,0.0,0.0,1680.0,112000.0
226,12.0,721.0,3723.0,290.0,224.0,565.0,1306.0,0.0,0.0,9950.0,290000.0
227,38.0,280.0,1470.0,127.0,0.0,321.0,504.0,0.0,0.0,1869.0,106000.0
228,43.0,336.0,1824.0,0.0,0.0,842.0,0.0,0.0,0.0,8521.0,125000.0
229,3.0,430.0,2928.0,16.0,143.0,16.0,0.0,0.0,0.0,3182.0,192500.0
230,51.0,312.0,2388.0,220.0,0.0,0.0,0.0,0.0,0.0,8760.0,148000.0
231,13.0,810.0,4256.0,506.0,0.0,689.0,1304.0,0.0,0.0,15138.0,403000.0
232,34.0,288.0,1470.0,297.0,0.0,0.0,504.0,0.0,0.0,1680.0,94500.0
233,34.0,308.0,1788.0,0.0,365.0,182.0,0.0,712.0,0.0,10650.0,128200.0
234,8.0,440.0,2820.0,102.61506565307533,288.0,625.0,1100.0,0.0,0.0,7851.0,216500.0
235,37.0,264.0,1470.0,604.0,0.0,358.0,504.0,0.0,0.0,1680.0,89500.0
236,6.0,494.0,2828.0,98.0,132.0,24.0,0.0,0.0,0.0,8773.0,185500.0
237,7.0,457.0,2740.0,0.0,370.0,402.0,730.0,0.0,0.0,9453.0,194500.0
238,0.0,818.0,3388.0,254.0,168.0,0.0,0.0,0.0,0.0,12030.0,318000.0
239,60.0,220.0,2222.0,0.0,0.0,94.0,689.0,0.0,0.0,8741.0,113000.0
240,2.0,750.0,3132.0,36.0,144.0,1078.0,0.0,0.0,0.0,9000.0,262500.0
241,10.0,0.0,1552.0,0.0,58.0,329.0,0.0,0.0,0.0,3880.0,110500.0
242,56.0,352.0,1980.0,0.0,0.0,0.0,551.0,0.0,0.0,5000.0,79000.0
243,29.0,288.0,1843.0,0.0,0.0,0.0,591.0,0.0,0.0,10762.0,120000.0
244,8.0,463.0,3058.0,0.0,0.0,695.0,888.0,0.0,0.0,8880.0,205000.0
245,18.0,604.0,3717.0,102.0,197.0,929.0,0.0,0.0,0.0,10400.0,241500.0
246,56.0,440.0,2948.0,0.0,0.0,0.0,1020.0,0.0,0.0,9142.0,137000.0
247,52.0,451.0,2742.0,0.0,0.0,0.0,0.0,0.0,0.0,11310.0,140000.0
248,4.0,500.0,2508.0,101.0,144.0,0.0,828.0,0.0,0.0,11317.0,180000.0
249,1.0,389.0,3588.0,472.0,0.0,697.0,700.0,0.0,500.0,159000.0,277000.0
250,44.0,0.0,2034.0,0.0,263.0,0.0,0.0,0.0,450.0,5350.0,76500.0
251,0.0,538.0,3198.0,481.0,123.0,1573.0,0.0,0.0,0.0,4750.0,235000.0
252,4.0,520.0,2438.0,0.0,138.0,0.0,842.0,0.0,0.0,8366.0,173000.0
253,16.0,309.0,2604.0,108.0,333.0,270.0,0.0,580.0,0.0,9350.0,158000.0
254,53.0,294.0,2628.0,0.0,250.0,922.0,0.0,0.0,0.0,8400.0,145000.0
255,7.0,429.0,3266.0,302.0,192.0,0.0,1286.0,0.0,0.0,8738.0,230000.0
256,5.0,673.0,2592.0,0.0,216.0,503.0,864.0,0.0,0.0,8791.0,207500.0
257,3.0,660.0,3208.0,180.0,123.0,1334.0,0.0,0.0,0.0,8814.0,220000.0
258,7.0,564.0,2755.0,172.0,0.0,361.0,829.0,0.0,0.0,12435.0,231500.0
259,52.0,308.0,882.0,0.0,0.0,0.0,0.0,0.0,0.0,12702.0,97000.0
260,47.0,884.0,2744.0,399.0,0.0,672.0,0.0,690.0,0.0,19296.0,176000.0
261,0.0,868.0,4056.0,270.0,0.0,0.0,1092.0,0.0,0.0,9588.0,276000.0
262,11.0,492.0,1718.0,46.0,292.0,506.0,0.0,0.0,0.0,8471.0,151000.0
263,9.0,484.0,2242.0,0.0,0.0,234.0,0.0,692.0,0.0,5500.0,130000.0
264,4.0,504.0,1444.0,0.0,0.0,0.0,0.0,0.0,0.0,5232.0,73000.0
265,27.0,576.0,2844.0,210.0,276.0,588.0,0.0,228.0,0.0,12090.0,175500.0
266,9.0,413.0,2313.0,0.0,95.0,714.0,709.0,0.0,0.0,11207.0,185000.0
267,11.0,240.0,2912.0,0.0,262.0,378.0,720.0,0.0,0.0,8400.0,179500.0
268,53.0,924.0,1518.0,0.0,0.0,403.0,0.0,125.0,0.0,6900.0,120500.0
269,31.0,504.0,2256.0,174.0,370.0,751.0,0.0,0.0,0.0,7917.0,148000.0
270,0.0,1053.0,3034.0,0.0,192.0,0.0,844.0,0.0,0.0,10728.0,266000.0
271,3.0,439.0,2748.0,0.0,81.0,226.0,0.0,1063.0,0.0,39104.0,241500.0
272,3.0,671.0,3422.0,348.0,132.0,524.0,1106.0,0.0,0.0,11764.0,290000.0
273,21.0,338.0,2872.0,183.0,289.0,620.0,0.0,620.0,0.0,9600.0,139000.0
274,25.0,264.0,1632.0,0.0,168.0,546.0,0.0,0.0,0.0,8314.0,124500.0
275,2.0,672.0,2500.0,0.0,74.0,0.0,596.0,0.0,0.0,7264.0,205000.0
276,7.0,573.0,3120.0,0.0,100.0,0.0,0.0,0.0,0.0,9196.0,201000.0
277,59.0,400.0,1728.0,0.0,0.0,120.0,0.0,0.0,0.0,19138.0,141000.0
278,0.0,732.0,4242.0,315.0,124.0,0.0,0.0,0.0,0.0,14450.0,415298.0
279,31.0,505.0,3182.0,299.0,288.0,392.0,866.0,0.0,0.0,10005.0,192000.0
280,18.0,575.0,2789.0,340.0,0.0,421.0,807.0,0.0,0.0,11287.0,228500.0
281,0.0,572.0,2524.0,68.0,0.0,905.0,0.0,0.0,0.0,7200.0,185000.0
282,1.0,626.0,2628.0,166.0,172.0,904.0,0.0,0.0,0.0,5063.0,207500.0
283,0.0,898.0,2936.0,72.0,210.0,0.0,0.0,0.0,0.0,9612.0,244600.0
284,15.0,529.0,3150.0,0.0,0.0,430.0,0.0,0.0,0.0,8012.0,179200.0
285,0.0,528.0,1875.0,0.0,0.0,0.0,625.0,0.0,0.0,4251.0,164700.0
286,25.0,440.0,2646.0,0.0,0.0,600.0,649.0,0.0,0.0,9786.0,159000.0
287,35.0,0.0,1716.0,0.0,0.0,614.0,0.0,0.0,0.0,8125.0,88000.0
288,43.0,280.0,1782.0,31.0,0.0,450.0,0.0,0.0,0.0,9819.0,122000.0
289,4.0,384.0,2094.0,0.0,0.0,0.0,698.0,0.0,0.0,8730.0,153575.0
290,0.0,685.0,2998.0,0.0,0.0,0.0,840.0,0.0,0.0,15611.0,233230.0
291,8.0,0.0,2496.0,0.0,0.0,210.0,780.0,0.0,0.0,5687.0,135900.0
292,1.0,281.0,2484.0,0.0,0.0,292.0,568.0,0.0,0.0,11409.0,131000.0
293,12.0,539.0,3058.0,34.0,0.0,795.0,795.0,0.0,0.0,16659.0,235000.0
294,56.0,418.0,3060.0,238.0,110.0,1285.0,0.0,0.0,0.0,9600.0,167000.0
295,22.0,588.0,2006.0,0.0,120.0,819.0,0.0,0.0,0.0,7937.0,142500.0
296,57.0,282.0,2468.0,0.0,289.0,420.0,648.0,0.0,0.0,13710.0,152000.0
297,9.0,576.0,2925.0,1600.0,0.0,649.0,975.0,0.0,0.0,7399.0,239000.0
298,39.0,539.0,2445.0,365.0,224.0,384.0,702.0,175.0,0.0,11700.0,175000.0
299,5.0,300.0,2244.0,0.0,0.0,0.0,0.0,0.0,0.0,14000.0,158500.0
300,53.0,375.0,2501.0,56.0,0.0,841.0,0.0,0.0,0.0,15750.0,157000.0
301,8.0,683.0,3480.0,0.0,208.0,281.0,1242.0,0.0,0.0,16226.0,267000.0
302,4.0,843.0,3082.0,150.0,468.0,0.0,0.0,0.0,0.0,13704.0,205000.0
303,34.0,552.0,1788.0,0.0,256.0,894.0,0.0,0.0,0.0,9800.0,149900.0
304,6.0,870.0,4963.0,0.0,302.0,0.0,1818.0,0.0,0.0,18386.0,295000.0
305,2.0,888.0,4000.0,246.0,168.0,1464.0,0.0,0.0,0.0,10386.0,305900.0
306,16.0,746.0,2943.0,246.0,127.0,700.0,1121.0,0.0,0.0,13474.0,225000.0
307,58.0,0.0,1725.0,0.0,0.0,0.0,371.0,0.0,0.0,7920.0,89500.0
308,59.0,539.0,1722.0,0.0,158.0,262.0,0.0,0.0,0.0,12342.0,82500.0
309,2.0,708.0,3840.0,0.0,208.0,1274.0,0.0,0.0,0.0,12378.0,360000.0
310,12.0,420.0,2198.0,112.0,190.0,518.0,804.0,0.0,0.0,7685.0,165600.0
311,7.0,240.0,1944.0,0.0,0.0,680.0,0.0,0.0,0.0,8000.0,132000.0
312,56.0,410.0,1911.0,0.0,0.0,507.0,325.0,0.0,0.0,7800.0,119900.0
313,44.0,513.0,4172.0,0.0,0.0,1236.0,0.0,820.0,0.0,215245.0,375000.0
314,16.0,546.0,2369.0,0.0,0.0,16.0,809.0,0.0,0.0,9600.0,178000.0
315,4.0,432.0,2148.0,0.0,100.0,425.0,716.0,0.0,0.0,7795.0,188500.0
316,29.0,484.0,3198.0,278.0,288.0,692.0,1200.0,0.0,0.0,13005.0,260000.0
317,1.0,1025.0,3047.0,0.0,208.0,0.0,871.0,0.0,0.0,9000.0,270000.0
318,16.0,656.0,3993.0,256.0,340.0,987.0,1274.0,0.0,0.0,9900.0,260000.0
319,29.0,588.0,2844.0,225.0,233.0,1036.0,0.0,0.0,0.0,14115.0,187500.0
320,0.0,840.0,3845.0,370.0,240.0,0.0,1347.0,0.0,0.0,16259.0,342643.0
321,3.0,872.0,3604.0,388.0,184.0,970.0,1332.0,0.0,0.0,12099.0,354000.0
322,20.0,576.0,4232.0,172.0,201.0,28.0,1177.0,1474.0,0.0,10380.0,301000.0
323,1.0,220.0,2325.0,0.0,142.0,256.0,0.0,0.0,0.0,5820.0,126175.0
324,3.0,564.0,3688.0,300.0,240.0,0.0,1080.0,0.0,0.0,11275.0,242000.0
325,57.0,360.0,1523.0,0.0,0.0,116.0,0.0,0.0,0.0,5000.0,87000.0
326,15.0,473.0,3438.0,0.0,122.0,1619.0,0.0,0.0,0.0,10846.0,324000.0
327,46.0,292.0,2766.0,175.0,0.0,565.0,0.0,0.0,0.0,11600.0,145250.0
328,15.0,441.0,2978.0,0.0,0.0,0.0,689.0,0.0,0.0,11888.0,214500.0
329,59.0,189.0,1788.0,0.0,0.0,0.0,596.0,0.0,0.0,6402.0,78000.0
330,43.0,352.0,3456.0,84.0,155.0,40.0,0.0,264.0,0.0,10624.0,119000.0
331,15.0,308.0,2112.0,0.0,0.0,846.0,0.0,0.0,0.0,8176.0,139000.0
332,5.0,880.0,4835.0,296.0,0.0,1124.0,0.0,479.0,0.0,10655.0,284000.0
333,4.0,484.0,2716.0,146.0,192.0,720.0,0.0,0.0,0.0,8198.0,207000.0
334,10.0,472.0,2581.0,0.0,100.0,828.0,695.0,0.0,0.0,9042.0,192000.0
335,43.0,529.0,3285.0,0.0,670.0,1249.0,167.0,147.0,700.0,164660.0,228950.0
336,1.0,676.0,3844.0,200.0,178.0,1249.0,0.0,0.0,0.0,14157.0,377426.0
337,5.0,532.0,3072.0,113.0,192.0,810.0,0.0,0.0,0.0,9135.0,214000.0
338,8.0,440.0,2829.0,0.0,108.0,213.0,0.0,0.0,400.0,14145.0,202500.0
339,11.0,297.0,2430.0,176.0,0.0,585.0,0.0,0.0,0.0,12400.0,155000.0
340,8.0,431.0,2875.0,0.0,135.0,0.0,915.0,0.0,0.0,14191.0,202900.0
341,59.0,294.0,1562.0,0.0,250.0,0.0,0.0,0.0,0.0,8400.0,82000.0
342,56.0,400.0,1040.0,340.0,0.0,0.0,0.0,0.0,0.0,8544.0,87500.0
343,3.0,564.0,3368.0,616.0,495.0,28.0,0.0,0.0,0.0,8849.0,266000.0
344,34.0,336.0,1648.0,0.0,182.0,129.0,576.0,232.0,0.0,2592.0,85000.0
345,56.0,312.0,2549.0,0.0,0.0,0.0,605.0,0.0,0.0,6435.0,140200.0
346,9.0,301.0,1916.0,0.0,0.0,498.0,0.0,0.0,15500.0,12772.0,151500.0
347,49.0,498.0,2956.0,30.0,0.0,1270.0,0.0,0.0,0.0,17600.0,157500.0
348,4.0,474.0,2390.0,106.0,0.0,573.0,862.0,0.0,0.0,2448.0,154000.0
349,0.0,706.0,4576.0,870.0,0.0,1410.0,880.0,0.0,0.0,20431.0,437154.0
350,0.0,617.0,3738.0,362.0,210.0,0.0,0.0,0.0,0.0,7820.0,318061.0
351,20.0,445.0,2906.0,0.0,0.0,1082.0,0.0,0.0,0.0,5271.0,190000.0
352,58.0,200.0,1727.0,0.0,48.0,236.0,495.0,380.0,0.0,9084.0,95000.0
353,7.0,484.0,1344.0,0.0,106.0,0.0,0.0,0.0,0.0,8520.0,105900.0
354,6.0,240.0,2535.0,0.0,0.0,388.0,403.0,0.0,0.0,8400.0,140000.0
355,12.0,521.0,2400.0,0.0,0.0,334.0,0.0,544.0,0.0,11249.0,177500.0
356,17.0,400.0,2325.0,106.0,120.0,560.0,0.0,0.0,0.0,9248.0,173000.0
357,31.0,528.0,2284.0,0.0,536.0,874.0,0.0,0.0,0.0,4224.0,134000.0
358,48.0,288.0,2414.0,120.0,168.0,300.0,0.0,294.0,0.0,6930.0,130000.0
359,8.0,592.0,3010.0,530.0,208.0,956.0,838.0,0.0,0.0,12011.0,280000.0
360,29.0,470.0,1800.0,0.0,0.0,773.0,0.0,0.0,0.0,7540.0,156000.0
361,26.0,240.0,2388.0,0.0,0.0,399.0,517.0,0.0,0.0,9144.0,145000.0
362,6.0,672.0,1922.0,500.0,0.0,0.0,1427.0,0.0,0.0,7301.0,198500.0
363,2.0,264.0,1470.0,510.0,250.0,162.0,504.0,0.0,0.0,1680.0,118000.0
364,30.0,566.0,2370.0,120.0,306.0,712.0,784.0,0.0,0.0,18800.0,190000.0
365,12.0,468.0,2016.0,0.0,0.0,456.0,672.0,0.0,0.0,10690.0,147000.0
366,46.0,514.0,2788.0,247.0,0.0,609.0,0.0,0.0,0.0,9500.0,159000.0
367,46.0,296.0,2530.0,305.0,64.0,371.0,0.0,0.0,0.0,9150.0,165000.0
368,56.0,244.0,2536.0,200.0,0.0,540.0,0.0,0.0,0.0,7800.0,132000.0
369,4.0,576.0,2350.0,0.0,364.0,72.0,0.0,258.0,0.0,9830.0,162000.0
370,6.0,460.0,2617.0,0.0,100.0,0.0,711.0,0.0,0.0,8121.0,172400.0
371,49.0,680.0,1588.0,0.0,0.0,0.0,468.0,0.0,0.0,17120.0,134432.0
372,26.0,264.0,1496.0,0.0,353.0,623.0,0.0,121.0,0.0,7175.0,125000.0
373,56.0,270.0,1927.0,0.0,66.0,428.0,0.0,180.0,0.0,10634.0,123000.0
374,3.0,434.0,2775.0,0.0,100.0,0.0,1081.0,0.0,0.0,8200.0,219500.0
375,59.0,0.0,1587.0,0.0,0.0,350.0,0.0,0.0,0.0,10020.0,61000.0
376,10.0,576.0,1784.0,0.0,0.0,298.0,0.0,0.0,0.0,8846.0,148000.0
377,2.0,610.0,4046.0,0.0,159.0,0.0,886.0,0.0,0.0,11143.0,340000.0
378,0.0,834.0,3712.0,350.0,113.0,1445.0,0.0,0.0,0.0,11394.0,394432.0
379,9.0,463.0,2782.0,16.0,100.0,0.0,793.0,0.0,0.0,8123.0,179000.0
380,60.0,308.0,2717.0,0.0,0.0,218.0,665.0,0.0,0.0,5000.0,127000.0
381,0.0,572.0,2594.0,0.0,216.0,0.0,0.0,0.0,0.0,7200.0,187750.0
382,1.0,639.0,2736.0,0.0,144.0,0.0,858.0,0.0,0.0,9245.0,213500.0
383,59.0,360.0,1568.0,0.0,0.0,0.0,0.0,0.0,0.0,9000.0,76000.0
384,15.0,501.0,3533.0,0.0,216.0,985.0,874.0,0.0,0.0,53107.0,240000.0
385,5.0,430.0,2525.0,16.0,146.0,24.0,0.0,0.0,0.0,3182.0,192000.0
386,10.0,0.0,1842.0,0.0,0.0,0.0,526.0,0.0,0.0,8410.0,81000.0
387,33.0,352.0,2166.0,255.0,296.0,631.0,0.0,0.0,0.0,7200.0,125000.0
388,8.0,577.0,2947.0,125.0,120.0,0.0,0.0,0.0,0.0,9382.0,191000.0
389,0.0,846.0,4014.0,272.0,196.0,1280.0,590.0,0.0,0.0,12474.0,426000.0
390,58.0,384.0,2228.0,0.0,0.0,241.0,406.0,391.0,0.0,8405.0,119000.0
391,7.0,560.0,2765.0,0.0,125.0,690.0,1157.0,0.0,0.0,12209.0,215000.0
392,48.0,294.0,882.0,0.0,0.0,0.0,0.0,0.0,1200.0,8339.0,106500.0
393,56.0,0.0,1576.0,0.0,0.0,266.0,0.0,0.0,0.0,7446.0,100000.0
394,57.0,240.0,1769.0,0.0,0.0,0.0,299.0,0.0,0.0,10134.0,109000.0
395,54.0,596.0,2288.0,0.0,44.0,739.0,0.0,0.0,0.0,9571.0,129000.0
396,37.0,600.0,1788.0,0.0,215.0,777.0,0.0,0.0,0.0,7200.0,123000.0
397,45.0,264.0,2676.0,288.0,0.0,540.0,936.0,0.0,0.0,7590.0,169500.0
398,57.0,338.0,2038.0,0.0,0.0,0.0,0.0,0.0,0.0,8967.0,67000.0
399,2.0,438.0,2642.0,100.0,0.0,812.0,438.0,0.0,0.0,8125.0,241000.0
400,12.0,500.0,2548.0,0.0,120.0,786.0,0.0,0.0,0.0,14963.0,245500.0
401,1.0,400.0,2620.0,0.0,0.0,24.0,0.0,0.0,0.0,8767.0,164990.0
402,11.0,240.0,1344.0,0.0,168.0,0.0,0.0,0.0,0.0,10200.0,108000.0
403,8.0,420.0,3404.0,650.0,144.0,0.0,1098.0,0.0,0.0,12090.0,258000.0
404,11.0,373.0,2378.0,0.0,0.0,0.0,766.0,0.0,0.0,10364.0,168000.0
405,16.0,490.0,2901.0,0.0,120.0,1116.0,0.0,0.0,0.0,9991.0,150000.0
406,58.0,240.0,2703.0,0.0,0.0,0.0,0.0,0.0,0.0,10480.0,115000.0
407,32.0,308.0,2520.0,0.0,0.0,0.0,840.0,0.0,0.0,15576.0,177000.0
408,1.0,947.0,3235.0,350.0,192.0,0.0,1101.0,0.0,0.0,14154.0,280000.0
409,0.0,836.0,3112.0,100.0,0.0,789.0,1028.0,0.0,0.0,10800.0,339750.0
410,51.0,350.0,2552.0,0.0,0.0,0.0,0.0,0.0,0.0,9571.0,60000.0
411,51.0,572.0,2112.0,0.0,264.0,1056.0,0.0,0.0,0.0,34650.0,145000.0
412,1.0,484.0,2948.0,432.0,0.0,578.0,0.0,0.0,0.0,4403.0,222000.0
413,60.0,360.0,2036.0,0.0,0.0,0.0,0.0,0.0,0.0,8960.0,115000.0
414,15.0,678.0,3177.0,0.0,196.0,50.0,1017.0,531.0,0.0,11228.0,228000.0
415,0.0,396.0,2680.0,0.0,100.0,24.0,0.0,0.0,0.0,8899.0,181134.0
416,28.0,440.0,2072.0,203.0,0.0,209.0,728.0,0.0,0.0,7844.0,149500.0
417,57.0,864.0,3994.0,0.0,0.0,1128.0,1254.0,0.0,0.0,22420.0,239000.0
418,57.0,240.0,1890.0,0.0,0.0,312.0,378.0,0.0,0.0,8160.0,126000.0
419,42.0,304.0,2112.0,0.0,0.0,775.0,0.0,0.0,0.0,8450.0,142000.0
420,10.0,784.0,2688.0,200.0,0.0,1309.0,0.0,0.0,0.0,7060.0,206300.0
421,9.0,529.0,3204.0,126.0,240.0,1246.0,0.0,0.0,0.0,16635.0,215000.0
422,54.0,520.0,1976.0,0.0,0.0,0.0,0.0,0.0,0.0,21750.0,113000.0
423,10.0,696.0,4100.0,473.0,0.0,986.0,1160.0,0.0,0.0,9200.0,315000.0
424,52.0,297.0,2392.0,74.0,0.0,616.0,0.0,0.0,0.0,9000.0,139000.0
425,17.0,240.0,2040.0,0.0,0.0,0.0,682.0,0.0,0.0,3378.0,135000.0
426,20.0,569.0,3162.0,145.0,80.0,1518.0,0.0,0.0,0.0,12800.0,275000.0
427,51.0,352.0,1814.0,0.0,0.0,288.0,0.0,0.0,0.0,8593.0,109008.0
428,0.0,628.0,2416.0,108.0,105.0,664.0,0.0,0.0,0.0,6762.0,195400.0
429,21.0,576.0,2804.0,0.0,0.0,1005.0,0.0,0.0,0.0,11457.0,175000.0
430,37.0,264.0,1470.0,232.0,0.0,387.0,504.0,0.0,0.0,1680.0,85400.0
431,10.0,0.0,2099.0,0.0,0.0,0.0,110.0,0.0,0.0,5586.0,79900.0
432,36.0,440.0,2130.0,376.0,240.0,471.0,600.0,0.0,0.0,1920.0,122500.0
433,10.0,470.0,2530.0,0.0,0.0,0.0,678.0,0.0,0.0,10839.0,181000.0
434,36.0,0.0,1260.0,0.0,88.0,495.0,0.0,0.0,0.0,1890.0,81000.0
435,13.0,550.0,2460.0,0.0,158.0,385.0,834.0,344.0,0.0,10667.0,212000.0
436,56.0,440.0,1766.0,0.0,0.0,0.0,384.0,0.0,0.0,4400.0,116000.0
437,5.0,180.0,1788.0,0.0,0.0,0.0,0.0,0.0,0.0,6000.0,119000.0
438,5.0,352.0,1134.0,0.0,0.0,365.0,0.0,0.0,0.0,4280.0,90350.0
439,9.0,528.0,1880.0,0.0,0.0,0.0,512.0,0.0,800.0,12354.0,110000.0
440,1.0,672.0,5496.0,200.0,0.0,1767.0,0.0,539.0,0.0,15431.0,555000.0
441,53.0,0.0,2880.0,270.0,0.0,133.0,0.0,0.0,0.0,12108.0,118000.0
442,16.0,360.0,2651.0,0.0,0.0,0.0,445.0,0.0,0.0,6240.0,162900.0
443,0.0,648.0,2516.0,72.0,144.0,0.0,0.0,0.0,0.0,3922.0,172500.0
444,13.0,493.0,2823.0,0.0,144.0,642.0,975.0,0.0,0.0,8750.0,210000.0
445,53.0,480.0,3125.0,0.0,0.0,0.0,0.0,0.0,0.0,9855.0,127500.0
446,8.0,578.0,3405.0,0.0,0.0,247.0,0.0,713.0,0.0,16492.0,190000.0
447,7.0,431.0,2816.0,0.0,89.0,0.0,930.0,0.0,0.0,11214.0,199900.0
448,56.0,198.0,2156.0,0.0,0.0,0.0,596.0,0.0,0.0,8600.0,119500.0
449,5.0,308.0,1832.0,0.0,0.0,331.0,504.0,0.0,0.0,6000.0,120000.0
450,1.0,270.0,1626.0,0.0,0.0,0.0,0.0,0.0,0.0,5684.0,110000.0
451,31.0,576.0,3066.0,0.0,200.0,655.0,0.0,0.0,0.0,70761.0,280000.0
452,10.0,422.0,2628.0,42.0,144.0,742.0,868.0,0.0,0.0,9303.0,204000.0
453,1.0,676.0,2358.0,0.0,0.0,0.0,804.0,0.0,0.0,9000.0,210000.0
454,30.0,560.0,3456.0,0.0,0.0,1606.0,0.0,0.0,0.0,9297.0,188000.0
455,34.0,528.0,2484.0,320.0,0.0,916.0,0.0,0.0,0.0,9600.0,175500.0
456,58.0,513.0,1968.0,0.0,0.0,0.0,720.0,0.0,0.0,4571.0,98000.0
457,14.0,529.0,3027.0,0.0,224.0,1116.0,0.0,0.0,0.0,53227.0,256000.0
458,12.0,228.0,2254.0,0.0,192.0,0.0,833.0,0.0,0.0,5100.0,161000.0
459,59.0,352.0,1912.0,161.0,0.0,185.0,224.0,0.0,0.0,7015.0,110000.0
460,0.0,552.0,2767.0,110.0,0.0,544.0,1103.0,0.0,0.0,8004.0,263435.0
461,2.0,576.0,1695.0,0.0,256.0,350.0,560.0,210.0,0.0,7200.0,155000.0
462,44.0,360.0,1728.0,0.0,0.0,553.0,0.0,311.0,0.0,8281.0,62383.0
463,13.0,240.0,2375.0,0.0,0.0,326.0,811.0,0.0,0.0,11988.0,188700.0
464,31.0,0.0,2080.0,136.0,0.0,616.0,0.0,0.0,0.0,8430.0,124000.0
465,2.0,398.0,2789.0,18.0,144.0,0.0,0.0,0.0,0.0,3072.0,178740.0
466,37.0,526.0,2554.0,0.0,0.0,778.0,0.0,0.0,0.0,10628.0,167000.0
467,12.0,312.0,2372.0,224.0,168.0,386.0,756.0,0.0,0.0,9480.0,146500.0
468,1.0,866.0,3260.0,248.0,0.0,0.0,0.0,0.0,0.0,11428.0,250000.0
469,15.0,506.0,2542.0,120.0,144.0,426.0,878.0,0.0,0.0,9291.0,187000.0
470,25.0,528.0,2990.0,0.0,0.0,368.0,0.0,1120.0,0.0,6820.0,212000.0
471,30.0,534.0,2777.0,0.0,0.0,0.0,808.0,0.0,0.0,11952.0,190000.0
472,3.0,525.0,1619.0,80.0,0.0,459.0,0.0,0.0,0.0,3675.0,148000.0
473,0.0,908.0,3952.0,304.0,250.0,1350.0,0.0,0.0,0.0,14977.0,440000.0
474,7.0,499.0,3146.0,0.0,96.0,1196.0,0.0,0.0,0.0,5330.0,251000.0
475,44.0,624.0,1940.0,0.0,0.0,630.0,0.0,0.0,0.0,8480.0,132500.0
476,10.0,508.0,2971.0,215.0,140.0,994.0,0.0,0.0,0.0,13125.0,208900.0
477,1.0,694.0,4796.0,772.0,414.0,0.0,574.0,0.0,0.0,13693.0,380000.0
478,1.0,826.0,3423.0,336.0,208.0,1288.0,0.0,0.0,0.0,10637.0,297000.0
479,7.0,672.0,2038.0,435.0,0.0,168.0,0.0,0.0,0.0,5925.0,89471.0
480,1.0,772.0,3683.0,378.0,519.0,1261.0,0.0,0.0,0.0,16033.0,326000.0
481,2.0,874.0,3584.0,562.0,206.0,1567.0,0.0,0.0,0.0,11846.0,374000.0
482,4.0,164.0,2736.0,0.0,0.0,299.0,910.0,0.0,0.0,2500.0,155000.0
483,8.0,402.0,2432.0,116.0,0.0,897.0,0.0,0.0,0.0,4500.0,164000.0
484,6.0,264.0,1998.0,0.0,0.0,588.0,0.0,0.0,0.0,7758.0,132500.0
485,2.0,264.0,2226.0,0.0,0.0,607.0,0.0,0.0,0.0,9600.0,147000.0
486,42.0,515.0,2146.0,168.0,0.0,836.0,0.0,0.0,0.0,10289.0,156000.0
487,36.0,487.0,2968.0,0.0,224.0,998.0,0.0,0.0,0.0,12243.0,175000.0
488,36.0,520.0,3368.0,0.0,142.0,664.0,648.0,0.0,0.0,10800.0,160000.0
489,7.0,286.0,1260.0,0.0,0.0,515.0,0.0,0.0,0.0,1526.0,86000.0
490,32.0,336.0,1568.0,0.0,141.0,0.0,688.0,0.0,0.0,2665.0,115000.0
491,56.0,240.0,2384.0,0.0,0.0,403.0,620.0,165.0,0.0,9490.0,133000.0
492,0.0,429.0,2184.0,0.0,0.0,0.0,728.0,0.0,0.0,15578.0,172785.0
493,48.0,308.0,2538.0,0.0,0.0,374.0,0.0,532.0,0.0,7931.0,155000.0
494,13.0,273.0,1076.0,0.0,144.0,0.0,0.0,0.0,0.0,5784.0,91300.0
495,59.0,0.0,1440.0,0.0,0.0,495.0,0.0,0.0,0.0,7879.0,34900.0
496,14.0,546.0,6428.0,0.0,264.0,1231.0,0.0,0.0,0.0,12692.0,430000.0
497,58.0,240.0,2846.0,0.0,0.0,329.0,687.0,0.0,0.0,9120.0,184000.0
498,5.0,288.0,1763.0,89.0,64.0,450.0,0.0,0.0,0.0,7800.0,130000.0
499,22.0,297.0,1824.0,0.0,12.0,111.0,0.0,279.0,480.0,7535.0,120000.0
500,34.0,264.0,1890.0,285.0,144.0,356.0,546.0,0.0,0.0,1890.0,113000.0
501,3.0,603.0,2634.0,0.0,0.0,400.0,902.0,0.0,0.0,9803.0,226700.0
502,42.0,461.0,2428.0,0.0,0.0,698.0,0.0,96.0,400.0,9170.0,140000.0
503,13.0,484.0,3302.0,0.0,0.0,1247.0,0.0,0.0,0.0,15602.0,289000.0
504,35.0,440.0,2177.0,0.0,260.0,257.0,467.0,495.0,0.0,2308.0,147000.0
505,57.0,400.0,2920.0,360.0,0.0,0.0,1000.0,0.0,0.0,7596.0,124500.0
506,12.0,471.0,2688.0,125.0,182.0,380.0,846.0,0.0,0.0,9554.0,215000.0
507,0.0,676.0,2436.0,0.0,0.0,27.0,0.0,0.0,0.0,7862.0,208300.0
508,3.0,360.0,2067.0,0.0,0.0,141.0,689.0,0.0,0.0,9600.0,161000.0
509,50.0,270.0,2082.0,132.0,224.0,991.0,0.0,0.0,0.0,9600.0,124500.0
510,9.0,288.0,2371.0,70.0,324.0,650.0,0.0,180.0,2000.0,14559.0,164900.0
511,0.0,474.0,2736.0,94.0,132.0,0.0,0.0,0.0,0.0,6792.0,202665.0
512,48.0,624.0,1728.0,0.0,0.0,521.0,0.0,174.0,0.0,9100.0,129900.0
513,24.0,484.0,2164.0,0.0,120.0,336.0,0.0,0.0,0.0,9187.0,134000.0
514,57.0,200.0,1557.0,0.0,0.0,0.0,0.0,0.0,0.0,10594.0,96500.0
515,0.0,900.0,4026.0,305.0,156.0,1436.0,0.0,0.0,0.0,12220.0,402861.0
516,37.0,583.0,2808.0,333.0,0.0,0.0,741.0,0.0,0.0,10448.0,158000.0
517,12.0,889.0,3608.0,921.0,220.0,0.0,1067.0,0.0,0.0,10208.0,265000.0
518,9.0,546.0,2590.0,0.0,0.0,706.0,914.0,0.0,0.0,9531.0,211000.0
519,5.0,282.0,3356.0,0.0,0.0,0.0,804.0,0.0,0.0,10918.0,234000.0
520,8.0,0.0,1294.0,0.0,220.0,0.0,600.0,0.0,0.0,10800.0,106250.0
521,50.0,336.0,2488.0,0.0,0.0,777.0,0.0,0.0,0.0,11988.0,150000.0
522,56.0,420.0,2668.0,0.0,0.0,399.0,660.0,0.0,0.0,5000.0,159000.0
523,-1.0,884.0,7814.0,762.0,208.0,2260.0,1538.0,0.0,0.0,40094.0,184750.0
524,10.0,834.0,3777.0,594.0,239.0,719.0,1015.0,0.0,0.0,11787.0,315750.0
525,1.0,453.0,2523.0,0.0,38.0,0.0,0.0,0.0,0.0,7500.0,176000.0
526,7.0,252.0,1856.0,0.0,261.0,377.0,0.0,0.0,0.0,13300.0,132000.0
527,0.0,858.0,4165.0,268.0,126.0,1330.0,1237.0,0.0,0.0,14948.0,446261.0
528,5.0,0.0,1133.0,0.0,0.0,348.0,0.0,0.0,0.0,9098.0,86000.0
529,32.0,484.0,4550.0,102.61506565307533,0.0,1219.0,0.0,0.0,0.0,32668.0,200624.0
530,19.0,600.0,2970.0,219.0,224.0,783.0,0.0,0.0,0.0,10200.0,175000.0
531,9.0,502.0,1973.0,0.0,0.0,0.0,611.0,0.0,0.0,6155.0,128000.0
532,3.0,392.0,827.0,0.0,0.0,0.0,0.0,0.0,0.0,7200.0,107500.0
533,57.0,0.0,334.0,0.0,0.0,0.0,0.0,0.0,0.0,5000.0,39300.0
534,2.0,403.0,2121.0,0.0,100.0,0.0,707.0,0.0,0.0,9056.0,178000.0
535,17.0,0.0,2464.0,0.0,85.0,969.0,527.0,0.0,0.0,7000.0,107500.0
536,9.0,527.0,2604.0,0.0,120.0,0.0,844.0,0.0,0.0,8924.0,188000.0
537,36.0,576.0,1728.0,0.0,216.0,600.0,0.0,0.0,0.0,12735.0,111250.0
538,38.0,336.0,2210.0,188.0,466.0,673.0,0.0,0.0,0.0,11553.0,158000.0
539,8.0,670.0,3182.0,479.0,180.0,1358.0,0.0,0.0,2000.0,11423.0,272000.0
540,3.0,765.0,3676.0,584.0,270.0,1260.0,0.0,0.0,0.0,14601.0,315000.0
541,7.0,648.0,3254.0,72.0,0.0,0.0,1288.0,0.0,0.0,11000.0,248000.0
542,10.0,583.0,3330.0,0.0,78.0,144.0,0.0,1127.0,0.0,10140.0,213250.0
543,9.0,367.0,1490.0,182.0,120.0,584.0,0.0,139.0,0.0,4058.0,133000.0
544,0.0,426.0,2150.0,0.0,100.0,554.0,832.0,0.0,0.0,17104.0,179665.0
545,18.0,786.0,3387.0,178.0,0.0,1002.0,806.0,202.0,0.0,13837.0,229000.0
546,57.0,440.0,2700.0,0.0,0.0,300.0,720.0,0.0,0.0,8737.0,210000.0
547,37.0,624.0,1536.0,0.0,104.0,619.0,0.0,0.0,0.0,7244.0,129500.0
548,13.0,720.0,1650.0,0.0,140.0,180.0,0.0,645.0,0.0,8235.0,125000.0
549,5.0,615.0,3006.0,0.0,182.0,0.0,1182.0,0.0,0.0,9375.0,263000.0
550,31.0,440.0,2138.0,0.0,0.0,559.0,0.0,0.0,0.0,4043.0,140000.0
551,51.0,288.0,1856.0,0.0,0.0,308.0,0.0,0.0,0.0,6000.0,112500.0
552,3.0,908.0,3426.0,250.0,169.0,0.0,0.0,0.0,0.0,11146.0,255500.0
553,6.0,520.0,1126.0,0.0,0.0,0.0,0.0,0.0,0.0,8777.0,108000.0
554,4.0,871.0,3044.0,292.0,320.0,866.0,1040.0,0.0,0.0,10625.0,284000.0
555,56.0,280.0,2041.0,0.0,0.0,0.0,0.0,0.0,0.0,6380.0,113000.0
556,49.0,299.0,2184.0,0.0,268.0,895.0,0.0,0.0,0.0,14850.0,141000.0
557,56.0,570.0,1973.0,0.0,0.0,637.0,439.0,0.0,0.0,11040.0,108000.0
558,11.0,406.0,2175.0,0.0,264.0,604.0,717.0,0.0,0.0,21872.0,175000.0
559,2.0,420.0,2931.0,18.0,143.0,0.0,0.0,0.0,0.0,3196.0,234000.0
560,14.0,528.0,2784.0,180.0,0.0,1302.0,0.0,0.0,0.0,11341.0,121500.0
561,31.0,418.0,2778.0,0.0,240.0,1071.0,0.0,123.0,0.0,10010.0,170000.0
562,39.0,0.0,1992.0,0.0,144.0,290.0,0.0,0.0,0.0,13907.0,108000.0
563,58.0,396.0,2837.0,0.0,72.0,0.0,511.0,0.0,0.0,21780.0,185000.0
564,6.0,590.0,3390.0,0.0,0.0,728.0,1129.0,0.0,0.0,13346.0,268000.0
565,60.0,216.0,2453.0,0.0,0.0,0.0,806.0,0.0,0.0,6858.0,128000.0
566,1.0,656.0,3626.0,245.0,144.0,0.0,1370.0,0.0,0.0,11198.0,325000.0
567,6.0,532.0,3052.0,168.0,0.0,2.0,0.0,0.0,0.0,10171.0,214000.0
568,0.0,612.0,3628.0,0.0,349.0,1441.0,636.0,0.0,0.0,12327.0,316600.0
569,27.0,600.0,1886.0,0.0,42.0,943.0,0.0,0.0,0.0,7032.0,135960.0
570,43.0,576.0,3456.0,108.0,0.0,231.0,0.0,0.0,0.0,13101.0,142600.0
571,47.0,288.0,1728.0,207.0,168.0,414.0,0.0,0.0,0.0,7332.0,120000.0
572,0.0,650.0,2538.0,0.0,208.0,0.0,846.0,0.0,0.0,13159.0,224500.0
573,7.0,400.0,1814.0,0.0,100.0,0.0,656.0,0.0,0.0,9967.0,170000.0
574,2.0,288.0,1481.0,82.0,35.0,349.0,533.0,0.0,0.0,10500.0,139000.0
575,58.0,336.0,2048.0,0.0,158.0,442.0,384.0,0.0,0.0,8480.0,118500.0
576,59.0,216.0,2338.0,0.0,0.0,0.0,600.0,0.0,0.0,6292.0,145000.0
577,40.0,564.0,2484.0,97.0,160.0,328.0,0.0,551.0,0.0,11777.0,164500.0
578,1.0,540.0,2081.0,0.0,0.0,0.0,689.0,0.0,0.0,3604.0,146000.0
579,54.0,352.0,2845.0,335.0,0.0,0.0,745.0,0.0,0.0,12150.0,131500.0
580,20.0,572.0,2573.0,85.0,216.0,594.0,0.0,219.0,0.0,14585.0,181900.0
581,17.0,0.0,1632.0,104.0,0.0,816.0,0.0,0.0,0.0,11841.0,
582,8.0,880.0,4012.0,0.0,105.0,0.0,1254.0,0.0,0.0,13500.0,118500.0
583,14.0,240.0,2457.0,0.0,0.0,0.0,584.0,0.0,0.0,6120.0,325000.0
584,0.0,880.0,3896.0,208.0,326.0,1460.0,0.0,0.0,0.0,11443.0,133000.0
585,8.0,275.0,1654.0,0.0,0.0,210.0,0.0,606.0,0.0,10267.0,369900.0
586,27.0,528.0,1700.0,0.0,0.0,672.0,0.0,0.0,0.0,8740.0,130000.0
587,6.0,452.0,2910.0,0.0,0.0,1324.0,0.0,0.0,0.0,25095.0,137000.0
588,48.0,308.0,1677.0,0.0,0.0,0.0,0.0,0.0,600.0,9100.0,143000.0
589,4.0,520.0,2352.0,0.0,0.0,490.0,812.0,0.0,0.0,8320.0,79500.0
590,1.0,842.0,4018.0,420.0,382.0,1338.0,568.0,0.0,0.0,13478.0,185900.0
591,5.0,816.0,1632.0,0.0,0.0,816.0,0.0,0.0,0.0,6600.0,451950.0
592,6.0,420.0,1696.0,170.0,140.0,685.0,0.0,0.0,0.0,4435.0,138000.0
593,33.0,280.0,1848.0,0.0,0.0,0.0,0.0,0.0,0.0,7990.0,140000.0
594,0.0,758.0,3640.0,238.0,180.0,1422.0,0.0,0.0,0.0,11302.0,110000.0
595,13.0,216.0,2052.0,0.0,0.0,0.0,684.0,0.0,0.0,3600.0,319000.0
596,0.0,648.0,2660.0,72.0,120.0,0.0,0.0,0.0,0.0,3922.0,114504.0
597,29.0,621.0,3077.0,459.0,0.0,1283.0,0.0,147.0,0.0,12984.0,194201.0
598,28.0,452.0,2272.0,0.0,161.0,81.0,840.0,612.0,0.0,1950.0,217500.0
599,1.0,736.0,2962.0,280.0,179.0,546.0,846.0,0.0,0.0,10927.0,151000.0
600,57.0,544.0,2155.0,0.0,0.0,0.0,595.0,0.0,0.0,9000.0,275000.0
601,14.0,506.0,2823.0,0.0,120.0,789.0,988.0,0.0,0.0,10041.0,141000.0
602,5.0,480.0,1800.0,0.0,0.0,0.0,600.0,0.0,0.0,3182.0,220000.0
603,6.0,530.0,2988.0,99.0,192.0,922.0,0.0,0.0,0.0,12803.0,151000.0
604,19.0,486.0,2754.0,176.0,0.0,454.0,800.0,0.0,0.0,13600.0,221000.0
605,13.0,576.0,2080.0,0.0,168.0,732.0,0.0,0.0,0.0,12464.0,205000.0
606,4.0,230.0,2904.0,0.0,103.0,603.0,896.0,0.0,0.0,7800.0,152000.0
607,9.0,380.0,4159.0,0.0,0.0,428.0,1254.0,0.0,0.0,12168.0,225000.0
608,46.0,261.0,2058.0,192.0,64.0,903.0,0.0,0.0,0.0,7943.0,359100.0
609,9.0,736.0,3593.0,204.0,253.0,904.0,677.0,0.0,0.0,11050.0,118500.0
610,29.0,564.0,2064.0,233.0,0.0,605.0,0.0,0.0,500.0,10395.0,313000.0
611,8.0,531.0,3171.0,108.0,160.0,990.0,573.0,0.0,0.0,11885.0,148000.0
612,0.0,0.0,2240.0,0.0,0.0,206.0,0.0,0.0,0.0,8402.0,261500.0
613,38.0,0.0,1260.0,0.0,96.0,150.0,0.0,480.0,0.0,1491.0,147000.0
614,47.0,480.0,1990.0,156.0,120.0,763.0,0.0,0.0,0.0,8800.0,75500.0
615,3.0,393.0,2292.0,0.0,100.0,457.0,702.0,0.0,0.0,7861.0,137500.0
616,54.0,528.0,1664.0,0.0,0.0,0.0,0.0,0.0,0.0,7227.0,183200.0
617,0.0,774.0,3650.0,452.0,0.0,48.0,0.0,0.0,0.0,11694.0,105500.0
618,5.0,749.0,3744.0,226.0,168.0,871.0,780.0,0.0,0.0,12244.0,314813.0
619,58.0,0.0,1728.0,0.0,0.0,41.0,0.0,0.0,0.0,8248.0,305000.0
620,11.0,624.0,4136.0,0.0,38.0,956.0,1066.0,182.0,0.0,10800.0,67000.0
621,32.0,484.0,1960.0,153.0,192.0,560.0,0.0,0.0,0.0,7064.0,240000.0
622,7.0,440.0,2268.0,513.0,0.0,420.0,756.0,0.0,0.0,2117.0,135000.0
623,34.0,484.0,2522.0,288.0,148.0,247.0,778.0,0.0,0.0,10400.0,168500.0
624,48.0,440.0,2232.0,261.0,0.0,0.0,0.0,0.0,0.0,10000.0,165150.0
625,29.0,286.0,2400.0,0.0,0.0,0.0,0.0,0.0,600.0,12342.0,160000.0
626,38.0,364.0,2676.0,164.0,0.0,674.0,0.0,132.0,0.0,9600.0,139900.0
627,38.0,504.0,3120.0,192.0,335.0,650.0,1040.0,0.0,0.0,11606.0,153000.0
628,44.0,520.0,2598.0,259.0,176.0,624.0,0.0,336.0,0.0,9020.0,135000.0
629,15.0,240.0,2386.0,0.0,0.0,0.0,661.0,0.0,0.0,9000.0,168500.0
630,1.0,627.0,3108.0,108.0,156.0,24.0,0.0,0.0,0.0,4590.0,124000.0
631,32.0,544.0,2797.0,209.0,192.0,822.0,0.0,0.0,0.0,11900.0,209500.0
632,2.0,260.0,2112.0,0.0,390.0,480.0,0.0,468.0,0.0,9250.0,82500.0
633,30.0,576.0,2112.0,0.0,264.0,1056.0,0.0,0.0,600.0,6979.0,139400.0
634,12.0,0.0,4835.0,0.0,0.0,256.0,1440.0,0.0,0.0,10896.0,144000.0
635,59.0,0.0,1064.0,0.0,0.0,0.0,0.0,0.0,0.0,6120.0,200000.0
636,55.0,256.0,2198.0,0.0,0.0,0.0,576.0,0.0,0.0,6000.0,60000.0
637,58.0,0.0,1592.0,0.0,328.0,0.0,0.0,0.0,0.0,8777.0,93000.0
638,0.0,648.0,3087.0,0.0,312.0,1154.0,0.0,0.0,0.0,3982.0,85000.0
639,4.0,588.0,3036.0,472.0,185.0,1218.0,0.0,0.0,0.0,12677.0,264561.0
640,6.0,650.0,2986.0,0.0,0.0,738.0,872.0,0.0,0.0,7050.0,274000.0
641,14.0,538.0,4656.0,0.0,269.0,1410.0,704.0,0.0,0.0,13860.0,226000.0
642,38.0,462.0,2400.0,263.0,208.0,493.0,840.0,287.0,0.0,10793.0,345000.0
643,0.0,478.0,3532.0,162.0,195.0,1121.0,0.0,0.0,0.0,9187.0,152000.0
644,36.0,576.0,1962.0,0.0,0.0,282.0,0.0,35.0,0.0,10530.0,370878.0
645,58.0,420.0,1048.0,0.0,0.0,0.0,0.0,0.0,0.0,7200.0,143250.0
646,55.0,495.0,2188.0,216.0,0.0,500.0,0.0,0.0,0.0,10452.0,98300.0
647,44.0,442.0,2595.0,351.0,0.0,0.0,788.0,0.0,0.0,7700.0,155000.0
648,37.0,0.0,1260.0,0.0,0.0,131.0,0.0,499.0,0.0,1936.0,155000.0
649,1.0,562.0,2478.0,102.61506565307533,0.0,0.0,843.0,0.0,0.0,8125.0,84500.0
650,59.0,296.0,2265.0,0.0,120.0,0.0,755.0,0.0,0.0,9084.0,205950.0
651,13.0,512.0,2596.0,0.0,0.0,0.0,807.0,0.0,0.0,8750.0,108000.0
652,13.0,216.0,2225.0,0.0,57.0,0.0,713.0,0.0,0.0,10320.0,191000.0
653,13.0,839.0,4222.0,660.0,236.0,1696.0,0.0,0.0,0.0,10437.0,135000.0
654,39.0,264.0,1617.0,381.0,0.0,0.0,567.0,0.0,0.0,1680.0,350000.0
655,2.0,312.0,2106.0,54.0,0.0,806.0,0.0,0.0,0.0,10007.0,88000.0
656,8.0,270.0,2278.0,0.0,0.0,0.0,651.0,0.0,0.0,7200.0,145500.0
657,60.0,330.0,2370.0,0.0,192.0,0.0,546.0,0.0,0.0,17503.0,149000.0
658,10.0,480.0,2972.0,0.0,0.0,637.0,0.0,0.0,0.0,9937.0,97500.0
659,31.0,550.0,2728.0,233.0,0.0,0.0,793.0,0.0,0.0,12384.0,167000.0
660,4.0,711.0,4077.0,528.0,517.0,1361.0,762.0,180.0,0.0,46589.0,197900.0
661,41.0,576.0,2784.0,216.0,0.0,0.0,0.0,0.0,0.0,13560.0,402000.0
662,36.0,588.0,2319.0,0.0,0.0,920.0,0.0,180.0,0.0,10012.0,110000.0
663,0.0,1134.0,4174.0,0.0,192.0,1721.0,0.0,0.0,0.0,20896.0,137500.0
664,6.0,504.0,3342.0,40.0,188.0,0.0,482.0,0.0,0.0,11194.0,423000.0
665,28.0,596.0,3401.0,113.0,0.0,187.0,915.0,723.0,0.0,18450.0,230500.0
666,10.0,575.0,3087.0,258.0,224.0,1138.0,0.0,0.0,0.0,8125.0,129000.0
667,19.0,576.0,2625.0,0.0,304.0,988.0,0.0,0.0,0.0,14175.0,193500.0
668,56.0,252.0,1880.0,0.0,0.0,0.0,0.0,0.0,0.0,11600.0,168000.0
669,4.0,540.0,2214.0,0.0,100.0,193.0,738.0,0.0,0.0,8633.0,137500.0
670,59.0,300.0,2041.0,0.0,147.0,551.0,672.0,0.0,0.0,6629.0,173500.0
671,29.0,546.0,2416.0,0.0,198.0,767.0,0.0,0.0,0.0,11250.0,103600.0
672,3.0,416.0,3316.0,106.0,0.0,1186.0,0.0,0.0,0.0,14442.0,165000.0
673,43.0,384.0,2272.0,0.0,426.0,892.0,0.0,0.0,0.0,9200.0,257500.0
674,31.0,440.0,2296.0,0.0,28.0,311.0,586.0,0.0,0.0,2289.0,140000.0
675,56.0,779.0,2869.0,0.0,0.0,0.0,679.0,0.0,0.0,9600.0,148500.0
676,3.0,240.0,1560.0,0.0,316.0,0.0,0.0,0.0,0.0,9022.0,87000.0
677,1.0,834.0,4092.0,464.0,322.0,0.0,0.0,0.0,0.0,11844.0,109500.0
678,46.0,572.0,1976.0,57.0,0.0,827.0,0.0,0.0,0.0,9945.0,372500.0
679,30.0,264.0,1846.0,0.0,80.0,543.0,0.0,119.0,0.0,8012.0,128500.0
680,9.0,281.0,2313.0,0.0,0.0,182.0,672.0,0.0,0.0,4500.0,143000.0
681,11.0,431.0,2582.0,0.0,307.0,1003.0,0.0,0.0,0.0,2887.0,159434.0
682,5.0,702.0,3294.0,215.0,257.0,1059.0,0.0,0.0,0.0,11248.0,173000.0
683,12.0,486.0,3034.0,30.0,0.0,0.0,644.0,0.0,0.0,16770.0,285000.0
684,23.0,577.0,3280.0,0.0,219.0,828.0,900.0,182.0,0.0,5062.0,221000.0
685,0.0,578.0,2635.0,0.0,144.0,0.0,887.0,0.0,0.0,10207.0,207500.0
686,3.0,480.0,1653.0,0.0,0.0,239.0,551.0,0.0,0.0,5105.0,227875.0
687,0.0,567.0,2838.0,0.0,140.0,945.0,0.0,0.0,0.0,8089.0,148800.0
688,1.0,460.0,2724.0,256.0,192.0,20.0,0.0,0.0,0.0,7577.0,392000.0
689,4.0,420.0,1696.0,147.0,149.0,697.0,0.0,0.0,0.0,4426.0,194700.0
690,12.0,832.0,6760.0,1170.0,382.0,1455.0,1872.0,0.0,0.0,21535.0,141000.0
691,16.0,628.0,3729.0,293.0,320.0,965.0,1281.0,0.0,0.0,26178.0,755000.0
692,38.0,326.0,2146.0,0.0,0.0,0.0,0.0,0.0,0.0,5400.0,335000.0
693,59.0,576.0,2466.0,0.0,112.0,0.0,472.0,0.0,0.0,6120.0,108480.0
694,19.0,551.0,2249.0,72.0,125.0,980.0,0.0,40.0,0.0,13811.0,141500.0
695,56.0,205.0,1232.0,0.0,0.0,616.0,0.0,0.0,0.0,6000.0,176000.0
696,54.0,308.0,2128.0,0.0,0.0,210.0,0.0,551.0,0.0,6420.0,89000.0
697,1.0,336.0,1788.0,0.0,416.0,553.0,0.0,117.0,0.0,8450.0,123500.0
698,4.0,530.0,2782.0,0.0,156.0,16.0,0.0,0.0,0.0,4282.0,138500.0
699,4.0,765.0,3600.0,630.0,270.0,1274.0,0.0,0.0,0.0,14331.0,196000.0
700,37.0,528.0,2328.0,168.0,0.0,0.0,0.0,0.0,0.0,9600.0,312500.0
701,0.0,666.0,3810.0,466.0,324.0,0.0,1312.0,0.0,0.0,12438.0,140000.0
702,14.0,672.0,2172.0,0.0,344.0,0.0,780.0,0.0,0.0,7630.0,361919.0
703,5.0,606.0,2957.0,109.0,0.0,712.0,0.0,0.0,0.0,8400.0,140000.0
704,60.0,0.0,1092.0,0.0,0.0,0.0,720.0,0.0,3500.0,5600.0,213000.0
705,5.0,739.0,3467.0,351.0,380.0,1219.0,0.0,0.0,0.0,115149.0,55000.0
706,3.0,550.0,2648.0,176.0,192.0,863.0,0.0,0.0,0.0,6240.0,302000.0
707,0.0,400.0,2184.0,0.0,100.0,0.0,728.0,0.0,0.0,9018.0,254000.0
708,42.0,408.0,1780.0,41.0,0.0,0.0,0.0,0.0,0.0,7162.0,179540.0
709,5.0,0.0,999.0,0.0,0.0,0.0,0.0,0.0,0.0,4130.0,109900.0
710,60.0,384.0,2037.0,0.0,68.0,0.0,319.0,0.0,0.0,8712.0,52000.0
711,19.0,472.0,2456.0,0.0,168.0,767.0,0.0,0.0,0.0,4671.0,102776.0
712,36.0,576.0,1920.0,160.0,0.0,789.0,0.0,0.0,0.0,9873.0,189000.0
713,5.0,475.0,2204.0,289.0,0.0,533.0,754.0,0.0,0.0,13517.0,129000.0
714,35.0,478.0,2414.0,174.0,0.0,0.0,0.0,0.0,0.0,10140.0,130500.0
715,9.0,704.0,3272.0,0.0,0.0,0.0,978.0,0.0,0.0,10800.0,165000.0
716,8.0,439.0,2354.0,0.0,224.0,1084.0,0.0,0.0,0.0,10000.0,159500.0
717,14.0,983.0,3729.0,651.0,250.0,1173.0,1093.0,0.0,0.0,10542.0,157000.0
718,37.0,300.0,1942.0,0.0,0.0,523.0,0.0,0.0,0.0,9920.0,341000.0
719,21.0,564.0,3484.0,0.0,114.0,1148.0,0.0,0.0,0.0,6563.0,128500.0
720,6.0,420.0,1696.0,169.0,160.0,662.0,0.0,0.0,0.0,4426.0,275000.0
721,39.0,463.0,1728.0,0.0,0.0,191.0,0.0,0.0,0.0,8120.0,143000.0
722,36.0,548.0,2411.0,0.0,0.0,0.0,473.0,0.0,0.0,8172.0,124500.0
723,1.0,768.0,3396.0,340.0,327.0,1234.0,0.0,0.0,0.0,13286.0,135000.0
724,39.0,660.0,1728.0,0.0,96.0,375.0,0.0,239.0,500.0,6960.0,320000.0
725,2.0,540.0,2560.0,260.0,292.0,808.0,0.0,0.0,0.0,21695.0,120500.0
726,2.0,632.0,2464.0,82.0,132.0,724.0,0.0,0.0,0.0,7314.0,222000.0
727,51.0,888.0,3360.0,95.0,0.0,0.0,0.0,0.0,0.0,11475.0,194500.0
728,59.0,539.0,1988.0,0.0,0.0,152.0,0.0,0.0,0.0,6240.0,110000.0
729,14.0,608.0,3211.0,0.0,237.0,1180.0,0.0,0.0,0.0,5389.0,103000.0
730,4.0,438.0,2014.0,442.0,160.0,786.0,0.0,0.0,0.0,9590.0,236500.0
731,9.0,541.0,3184.0,202.0,192.0,252.0,878.0,0.0,0.0,11404.0,187500.0
732,26.0,264.0,2008.0,0.0,165.0,594.0,0.0,0.0,400.0,10000.0,222500.0
733,39.0,300.0,1896.0,0.0,147.0,0.0,0.0,0.0,0.0,8978.0,131400.0
734,36.0,320.0,2648.0,0.0,0.0,390.0,888.0,0.0,0.0,10800.0,108000.0
735,56.0,400.0,1040.0,0.0,0.0,0.0,0.0,0.0,0.0,8544.0,163000.0
736,1.0,800.0,2694.0,0.0,0.0,0.0,900.0,0.0,0.0,10463.0,93500.0
737,21.0,0.0,2400.0,0.0,120.0,1200.0,0.0,0.0,0.0,10800.0,239900.0
738,5.0,572.0,2592.0,0.0,187.0,0.0,864.0,0.0,0.0,9313.0,179000.0
739,5.0,360.0,1696.0,0.0,270.0,0.0,664.0,0.0,0.0,9600.0,190000.0
740,12.0,288.0,1824.0,0.0,168.0,832.0,0.0,0.0,0.0,6768.0,132000.0
741,6.0,539.0,2698.0,108.0,120.0,0.0,0.0,0.0,0.0,8450.0,142000.0
742,10.0,480.0,1984.0,0.0,302.0,444.0,0.0,0.0,0.0,12886.0,179000.0
743,15.0,462.0,2674.0,0.0,96.0,733.0,0.0,0.0,0.0,5395.0,175000.0
744,12.0,831.0,3857.0,289.0,0.0,575.0,1540.0,80.0,0.0,8963.0,180000.0
745,9.0,554.0,3208.0,0.0,224.0,300.0,1276.0,0.0,0.0,8795.0,299800.0
746,6.0,864.0,3880.0,0.0,181.0,0.0,1320.0,0.0,0.0,11700.0,236000.0
747,14.0,527.0,3440.0,338.0,240.0,919.0,0.0,0.0,0.0,10593.0,265979.0
748,59.0,240.0,1529.0,0.0,92.0,0.0,441.0,0.0,0.0,8405.0,260400.0
749,6.0,0.0,1716.0,0.0,0.0,0.0,348.0,0.0,0.0,8800.0,98000.0
750,4.0,400.0,1980.0,0.0,0.0,0.0,660.0,0.0,0.0,7750.0,96500.0
751,9.0,576.0,2973.0,0.0,168.0,1200.0,0.0,0.0,0.0,9236.0,162000.0
752,1.0,878.0,3128.0,178.0,192.0,0.0,1060.0,0.0,0.0,10240.0,217000.0
753,4.0,440.0,2052.0,0.0,171.0,439.0,0.0,472.0,0.0,7930.0,275500.0
754,10.0,440.0,2200.0,894.0,0.0,381.0,729.0,0.0,0.0,3230.0,156000.0
755,2.0,578.0,2634.0,0.0,144.0,20.0,902.0,0.0,0.0,10769.0,172500.0
756,32.0,440.0,2058.0,328.0,335.0,438.0,714.0,0.0,0.0,11616.0,212000.0
757,9.0,440.0,2245.0,360.0,0.0,549.0,744.0,0.0,0.0,2280.0,158900.0
758,12.0,752.0,3849.0,513.0,222.0,56.0,1203.0,64.0,0.0,12257.0,179400.0
759,50.0,300.0,1728.0,0.0,0.0,612.0,0.0,0.0,450.0,9100.0,290000.0
760,59.0,440.0,2446.0,0.0,0.0,405.0,0.0,0.0,0.0,6911.0,127500.0
761,1.0,614.0,2303.0,0.0,169.0,24.0,783.0,0.0,0.0,8640.0,100000.0
762,10.0,856.0,3617.0,673.0,0.0,1163.0,1097.0,0.0,0.0,9430.0,215200.0
763,10.0,481.0,2988.0,0.0,0.0,437.0,0.0,1057.0,0.0,9549.0,337000.0
764,0.0,592.0,3004.0,284.0,0.0,0.0,0.0,0.0,0.0,14587.0,270000.0
765,22.0,496.0,2694.0,42.0,228.0,394.0,734.0,0.0,500.0,10421.0,264132.0
766,23.0,423.0,2733.0,0.0,245.0,660.0,767.0,0.0,1300.0,12508.0,196500.0
767,1.0,484.0,3696.0,0.0,120.0,24.0,0.0,0.0,0.0,9100.0,160000.0
768,7.0,841.0,4929.0,603.0,503.0,1416.0,1589.0,0.0,0.0,53504.0,216837.0
769,27.0,576.0,1716.0,0.0,120.0,685.0,0.0,0.0,0.0,7252.0,538000.0
770,55.0,396.0,2056.0,0.0,0.0,836.0,0.0,0.0,0.0,8877.0,134900.0
771,34.0,672.0,2146.0,0.0,144.0,422.0,0.0,127.0,0.0,7819.0,102000.0
772,49.0,275.0,1824.0,1.0,0.0,456.0,0.0,0.0,0.0,10150.0,107000.0
773,1.0,895.0,3908.0,375.0,315.0,0.0,0.0,0.0,0.0,14226.0,114500.0
774,11.0,412.0,2408.0,320.0,0.0,866.0,0.0,0.0,0.0,4500.0,395000.0
775,0.0,865.0,3228.0,240.0,144.0,20.0,0.0,0.0,0.0,11210.0,162000.0
776,32.0,440.0,1758.0,0.0,241.0,762.0,0.0,0.0,0.0,13350.0,221500.0
777,30.0,630.0,2020.0,320.0,0.0,0.0,0.0,0.0,0.0,8400.0,142500.0
778,29.0,504.0,1979.0,90.0,0.0,975.0,0.0,0.0,0.0,10530.0,144000.0
779,11.0,402.0,2490.0,38.0,220.0,0.0,0.0,0.0,0.0,7875.0,135000.0
780,14.0,484.0,2364.0,0.0,0.0,387.0,793.0,0.0,0.0,7153.0,176000.0
781,7.0,605.0,2843.0,0.0,0.0,0.0,0.0,0.0,0.0,16285.0,175900.0
782,31.0,602.0,2207.0,104.0,303.0,1097.0,0.0,0.0,0.0,9101.0,187100.0
783,7.0,0.0,2226.0,0.0,0.0,0.0,742.0,0.0,0.0,6300.0,165500.0
784,42.0,457.0,2714.0,0.0,0.0,251.0,0.0,630.0,0.0,9790.0,128000.0
785,60.0,416.0,2338.0,0.0,0.0,686.0,686.0,0.0,1200.0,10800.0,161500.0
786,6.0,618.0,3040.0,0.0,0.0,656.0,1128.0,0.0,0.0,10142.0,139000.0
787,8.0,281.0,1802.0,0.0,0.0,0.0,0.0,0.0,0.0,6000.0,233000.0
788,0.0,444.0,2919.0,157.0,133.0,568.0,1111.0,0.0,0.0,12205.0,107900.0
789,3.0,397.0,2290.0,11.0,100.0,16.0,0.0,0.0,0.0,3182.0,187500.0
790,31.0,539.0,2091.0,0.0,120.0,539.0,0.0,0.0,0.0,11333.0,160200.0
791,10.0,455.0,3130.0,0.0,180.0,862.0,886.0,0.0,0.0,9920.0,146800.0
792,0.0,474.0,2992.0,140.0,168.0,0.0,0.0,0.0,0.0,9158.0,269790.0
793,12.0,409.0,2607.0,0.0,143.0,0.0,809.0,0.0,500.0,10832.0,225000.0
794,29.0,476.0,2214.0,130.0,0.0,0.0,676.0,0.0,0.0,8400.0,194500.0
795,30.0,528.0,1945.0,148.0,138.0,0.0,0.0,0.0,0.0,8197.0,171000.0
796,55.0,240.0,1546.0,0.0,0.0,570.0,0.0,0.0,0.0,7677.0,143500.0
797,0.0,820.0,5066.0,860.0,144.0,0.0,1174.0,0.0,0.0,13518.0,110000.0
798,57.0,240.0,2499.0,252.0,0.0,569.0,787.0,0.0,0.0,7200.0,485000.0
799,11.0,603.0,2304.0,0.0,403.0,462.0,1072.0,0.0,400.0,12798.0,175000.0
800,17.0,440.0,2392.0,0.0,0.0,197.0,0.0,0.0,0.0,4800.0,200000.0
801,3.0,410.0,2184.0,0.0,36.0,648.0,728.0,0.0,0.0,8199.0,109900.0
802,0.0,1020.0,4556.0,424.0,52.0,0.0,1088.0,0.0,0.0,13891.0,189000.0
803,52.0,286.0,2064.0,0.0,0.0,812.0,0.0,0.0,0.0,9000.0,582933.0
804,0.0,554.0,2845.0,256.0,0.0,0.0,0.0,0.0,0.0,12274.0,118000.0
805,39.0,384.0,1960.0,0.0,68.0,400.0,0.0,480.0,0.0,9750.0,227680.0
806,5.0,528.0,2900.0,0.0,0.0,1309.0,504.0,0.0,0.0,21384.0,135500.0
807,40.0,484.0,2110.0,1047.0,0.0,516.0,0.0,128.0,0.0,13400.0,223500.0
808,44.0,360.0,2987.0,0.0,40.0,0.0,1063.0,0.0,0.0,8100.0,159950.0
809,7.0,484.0,2349.0,99.0,265.0,663.0,0.0,377.0,0.0,10140.0,106000.0
810,4.0,420.0,1696.0,169.0,140.0,662.0,0.0,0.0,0.0,4438.0,181000.0
811,58.0,504.0,1584.0,0.0,0.0,0.0,0.0,0.0,54.0,8712.0,144500.0
812,49.0,301.0,2884.0,243.0,0.0,608.0,0.0,0.0,500.0,9750.0,55993.0
813,56.0,280.0,1936.0,0.0,207.0,0.0,564.0,0.0,0.0,8248.0,157900.0
814,12.0,598.0,3310.0,442.0,0.0,0.0,0.0,0.0,0.0,12137.0,116000.0
815,52.0,275.0,2016.0,0.0,0.0,486.0,0.0,0.0,0.0,11425.0,224900.0
816,6.0,857.0,3257.0,148.0,150.0,1218.0,0.0,0.0,0.0,13265.0,137000.0
817,39.0,440.0,2062.0,80.0,0.0,504.0,0.0,0.0,0.0,8816.0,271000.0
818,0.0,484.0,2716.0,128.0,192.0,733.0,0.0,0.0,0.0,6371.0,155000.0
819,5.0,595.0,2438.0,0.0,0.0,0.0,842.0,0.0,0.0,7226.0,224000.0
820,56.0,576.0,1872.0,0.0,0.0,0.0,0.0,0.0,0.0,6000.0,183000.0
821,4.0,433.0,2580.0,0.0,100.0,0.0,886.0,0.0,0.0,12394.0,93000.0
822,59.0,240.0,2267.0,0.0,335.0,0.0,545.0,0.0,0.0,9900.0,225000.0
823,0.0,776.0,2978.0,0.0,0.0,0.0,0.0,0.0,0.0,11216.0,139500.0
824,58.0,0.0,1568.0,0.0,0.0,784.0,0.0,0.0,0.0,6130.0,232600.0
825,8.0,527.0,2888.0,0.0,290.0,20.0,0.0,0.0,0.0,8529.0,
826,42.0,538.0,3139.0,0.0,486.0,249.0,966.0,764.0,0.0,28698.0,109500.0
827,1.0,480.0,1823.0,0.0,0.0,0.0,623.0,0.0,0.0,2544.0,189000.0
828,51.0,458.0,2784.0,387.0,0.0,1040.0,0.0,0.0,0.0,11900.0,185000.0
829,1.0,480.0,1800.0,0.0,0.0,0.0,600.0,0.0,0.0,3180.0,147400.0
830,7.0,613.0,2770.0,223.0,192.0,483.0,888.0,0.0,0.0,9548.0,166000.0
831,45.0,472.0,3032.0,180.0,0.0,196.0,0.0,345.0,0.0,10004.0,151000.0
832,47.0,456.0,2288.0,136.0,0.0,572.0,0.0,0.0,0.0,7875.0,237000.0
833,15.0,436.0,2134.0,0.0,290.0,442.0,0.0,0.0,0.0,9600.0,167000.0
834,34.0,812.0,3118.0,0.0,0.0,338.0,0.0,0.0,0.0,8100.0,139950.0
835,35.0,264.0,1470.0,158.0,0.0,330.0,504.0,0.0,0.0,1680.0,128000.0
836,2.0,352.0,2198.0,0.0,278.0,0.0,0.0,0.0,0.0,9525.0,153500.0
837,13.0,240.0,1968.0,0.0,0.0,352.0,432.0,0.0,0.0,11767.0,100000.0
838,58.0,400.0,2154.0,0.0,0.0,156.0,672.0,0.0,0.0,12155.0,144000.0
839,6.0,686.0,2189.0,0.0,70.0,0.0,581.0,0.0,0.0,10440.0,130500.0
840,42.0,490.0,2292.0,183.0,0.0,312.0,0.0,539.0,0.0,9020.0,140000.0
841,46.0,0.0,3600.0,0.0,0.0,0.0,0.0,0.0,0.0,8000.0,157500.0
842,58.0,720.0,2292.0,0.0,418.0,0.0,540.0,0.0,0.0,12665.0,174900.0
843,26.0,611.0,3091.0,0.0,0.0,1390.0,0.0,0.0,0.0,16647.0,141000.0
844,16.0,425.0,2515.0,137.0,234.0,513.0,769.0,0.0,0.0,9317.0,153900.0
845,37.0,338.0,1728.0,0.0,0.0,460.0,0.0,0.0,0.0,15523.0,171000.0
846,11.0,360.0,3265.0,0.0,486.0,0.0,1051.0,0.0,0.0,45600.0,213000.0
847,13.0,512.0,2383.0,360.0,113.0,0.0,761.0,0.0,0.0,9600.0,133500.0
848,4.0,420.0,1696.0,170.0,140.0,659.0,0.0,0.0,0.0,4435.0,240000.0
849,3.0,400.0,2729.0,40.0,143.0,0.0,0.0,0.0,0.0,3196.0,187000.0
850,57.0,240.0,2564.0,0.0,0.0,364.0,728.0,0.0,0.0,7128.0,131500.0
851,45.0,645.0,2572.0,115.0,180.0,564.0,0.0,0.0,0.0,12095.0,215000.0
852,32.0,454.0,3542.0,0.0,0.0,306.0,0.0,1085.0,0.0,17920.0,164000.0
853,0.0,260.0,2080.0,0.0,0.0,659.0,0.0,0.0,0.0,6897.0,158000.0
854,30.0,576.0,1966.0,0.0,0.0,505.0,0.0,435.0,0.0,10970.0,170000.0
855,14.0,343.0,2183.0,0.0,0.0,0.0,779.0,0.0,0.0,8125.0,127000.0
856,33.0,479.0,2460.0,189.0,0.0,0.0,0.0,0.0,0.0,10400.0,147000.0
857,22.0,619.0,3708.0,220.0,0.0,619.0,1142.0,0.0,0.0,11029.0,174000.0
858,9.0,216.0,2338.0,0.0,0.0,0.0,514.0,0.0,0.0,7642.0,152000.0
859,45.0,504.0,2078.0,0.0,0.0,841.0,0.0,0.0,0.0,11625.0,250000.0
860,25.0,480.0,2137.0,0.0,0.0,338.0,0.0,0.0,0.0,9672.0,189950.0
861,50.0,672.0,2296.0,0.0,0.0,1148.0,0.0,0.0,0.0,7931.0,131500.0
862,0.0,529.0,2744.0,0.0,0.0,0.0,0.0,0.0,0.0,8640.0,152000.0
863,39.0,902.0,2004.0,76.0,0.0,828.0,0.0,0.0,0.0,8750.0,132500.0
864,0.0,870.0,3284.0,274.0,192.0,0.0,0.0,0.0,0.0,10656.0,250580.0
865,46.0,544.0,2160.0,0.0,168.0,932.0,0.0,0.0,400.0,6970.0,148500.0
866,56.0,672.0,2320.0,0.0,120.0,0.0,720.0,0.0,0.0,14762.0,248900.0
867,16.0,574.0,2999.0,246.0,156.0,750.0,887.0,0.0,0.0,9938.0,129000.0
868,47.0,308.0,1788.0,0.0,0.0,0.0,0.0,0.0,0.0,6600.0,169000.0
869,12.0,523.0,2486.0,116.0,0.0,505.0,878.0,0.0,0.0,8750.0,236000.0
870,12.0,414.0,1015.0,0.0,196.0,0.0,0.0,0.0,0.0,8892.0,109500.0
871,59.0,288.0,2100.0,0.0,0.0,375.0,0.0,0.0,0.0,12144.0,200500.0
872,59.0,200.0,1807.0,0.0,26.0,0.0,455.0,0.0,0.0,5720.0,116000.0
873,0.0,550.0,3794.0,0.0,208.0,64.0,1426.0,0.0,0.0,9000.0,133000.0
874,44.0,648.0,2104.0,0.0,0.0,633.0,0.0,0.0,0.0,25286.0,66500.0
875,4.0,738.0,3686.0,216.0,184.0,1170.0,762.0,0.0,0.0,8834.0,303477.0
876,15.0,576.0,2264.0,0.0,192.0,899.0,0.0,0.0,400.0,11782.0,132250.0
877,4.0,336.0,1728.0,90.0,0.0,646.0,0.0,0.0,0.0,7000.0,350000.0
878,1.0,450.0,2180.0,0.0,0.0,980.0,0.0,0.0,0.0,7024.0,148000.0
879,16.0,400.0,2873.0,117.0,168.0,902.0,530.0,0.0,0.0,13758.0,136500.0
880,16.0,389.0,2401.0,0.0,342.0,0.0,785.0,0.0,0.0,9636.0,157000.0
881,56.0,440.0,3025.0,0.0,0.0,0.0,795.0,0.0,0.0,6204.0,187500.0
882,42.0,288.0,1784.0,60.0,0.0,432.0,0.0,0.0,0.0,7150.0,178000.0
883,8.0,506.0,3407.0,60.0,97.0,1238.0,0.0,0.0,0.0,5119.0,118500.0
884,1.0,588.0,3338.0,122.0,272.0,528.0,0.0,0.0,0.0,8393.0,100000.0
885,53.0,300.0,2209.0,0.0,121.0,0.0,521.0,0.0,0.0,16466.0,328900.0
886,37.0,621.0,4434.0,0.0,81.0,351.0,0.0,823.0,0.0,15865.0,145000.0
887,56.0,505.0,3010.0,90.0,0.0,1024.0,0.0,0.0,0.0,12160.0,135500.0
888,1.0,576.0,1596.0,0.0,0.0,0.0,252.0,0.0,2000.0,8064.0,268000.0
889,31.0,440.0,2601.0,92.0,243.0,226.0,765.0,500.0,0.0,11184.0,149500.0
890,3.0,264.0,2127.0,0.0,192.0,663.0,0.0,0.0,0.0,8414.0,122900.0
891,54.0,354.0,2766.0,0.0,511.0,1064.0,0.0,0.0,0.0,13284.0,172500.0
892,30.0,400.0,1535.0,0.0,0.0,0.0,0.0,0.0,0.0,7018.0,154500.0
893,45.0,483.0,2576.0,415.0,0.0,400.0,813.0,0.0,0.0,7056.0,165000.0
894,56.0,327.0,1902.0,0.0,0.0,285.0,0.0,0.0,0.0,8765.0,118858.0
895,30.0,528.0,2240.0,0.0,154.0,0.0,1120.0,0.0,0.0,7018.0,140000.0
896,0.0,820.0,4694.0,760.0,0.0,2188.0,0.0,0.0,0.0,12919.0,106500.0
897,12.0,288.0,2148.0,0.0,0.0,465.0,0.0,0.0,0.0,6993.0,142953.0
898,36.0,684.0,1716.0,0.0,0.0,322.0,0.0,0.0,0.0,7340.0,611657.0
899,9.0,756.0,2298.0,0.0,0.0,860.0,0.0,0.0,0.0,8712.0,135000.0
900,3.0,393.0,2292.0,0.0,0.0,0.0,702.0,0.0,0.0,7875.0,110000.0
901,0.0,690.0,3340.0,27.0,144.0,0.0,0.0,0.0,0.0,14859.0,153000.0
902,40.0,288.0,1778.0,75.0,0.0,599.0,0.0,0.0,0.0,6173.0,180000.0
903,56.0,280.0,2119.0,110.0,0.0,354.0,0.0,290.0,0.0,9920.0,240000.0
904,1.0,865.0,3259.0,208.0,0.0,63.0,0.0,0.0,0.0,13501.0,125500.0
905,19.0,180.0,3074.0,0.0,0.0,223.0,1037.0,0.0,0.0,11500.0,128000.0
906,23.0,484.0,1766.0,0.0,164.0,301.0,0.0,324.0,0.0,8885.0,255000.0
907,4.0,390.0,2226.0,0.0,36.0,0.0,742.0,0.0,0.0,12589.0,250000.0
908,50.0,480.0,3379.0,361.0,0.0,443.0,1169.0,0.0,0.0,11600.0,131000.0
909,20.0,252.0,2536.0,0.0,173.0,196.0,0.0,0.0,0.0,9286.0,174000.0
910,56.0,450.0,1783.0,0.0,0.0,489.0,0.0,0.0,620.0,6120.0,154300.0
911,57.0,871.0,3003.0,0.0,0.0,284.0,1001.0,0.0,0.0,6270.0,143500.0
912,0.0,528.0,1836.0,76.0,0.0,294.0,612.0,0.0,0.0,3000.0,88000.0
913,37.0,286.0,1638.0,80.0,0.0,0.0,546.0,0.0,0.0,2001.0,145000.0
914,56.0,308.0,960.0,0.0,0.0,50.0,0.0,0.0,0.0,9000.0,173733.0
915,53.0,284.0,2363.0,0.0,0.0,1059.0,0.0,0.0,0.0,17140.0,75000.0
916,16.0,833.0,3231.0,0.0,72.0,48.0,1215.0,634.0,0.0,13125.0,35311.0
917,6.0,601.0,2598.0,0.0,0.0,528.0,0.0,411.0,0.0,11029.0,135000.0
918,13.0,471.0,2649.0,105.0,300.0,814.0,785.0,0.0,0.0,8462.0,238000.0
919,5.0,0.0,3472.0,0.0,0.0,1084.0,928.0,0.0,0.0,8777.0,176500.0
920,0.0,397.0,2632.0,0.0,100.0,28.0,0.0,0.0,0.0,10237.0,201000.0
921,14.0,533.0,3221.0,0.0,0.0,165.0,0.0,841.0,0.0,8012.0,145900.0
922,26.0,612.0,3372.0,157.0,384.0,625.0,0.0,1061.0,0.0,10240.0,169990.0
923,31.0,540.0,2252.0,0.0,180.0,767.0,0.0,93.0,0.0,15611.0,193000.0
924,3.0,656.0,3555.0,340.0,104.0,0.0,1140.0,0.0,0.0,11999.0,207500.0
925,40.0,486.0,2810.0,342.0,0.0,552.0,880.0,0.0,0.0,9900.0,175000.0
926,8.0,522.0,3541.0,0.0,202.0,0.0,0.0,0.0,0.0,11838.0,285000.0
927,9.0,642.0,3200.0,285.0,0.0,0.0,1243.0,0.0,0.0,13006.0,176000.0
928,2.0,610.0,2932.0,0.0,100.0,16.0,0.0,0.0,0.0,8925.0,236500.0
929,44.0,429.0,1850.0,0.0,0.0,338.0,0.0,466.0,0.0,9100.0,222000.0
930,1.0,788.0,3810.0,302.0,0.0,0.0,0.0,0.0,0.0,11670.0,201000.0
931,5.0,570.0,3000.0,210.0,192.0,20.0,0.0,0.0,0.0,8487.0,117500.0
932,1.0,505.0,2654.0,0.0,0.0,425.0,0.0,0.0,0.0,27650.0,320000.0
933,53.0,528.0,1347.0,108.0,0.0,0.0,0.0,0.0,0.0,5825.0,190000.0
934,6.0,555.0,2376.0,102.61506565307533,0.0,833.0,0.0,0.0,0.0,10083.0,242000.0
935,4.0,689.0,3084.0,0.0,0.0,341.0,858.0,0.0,0.0,9675.0,79900.0
936,0.0,868.0,3353.0,0.0,0.0,464.0,571.0,0.0,0.0,8760.0,184900.0
937,60.0,349.0,3435.0,0.0,56.0,0.0,1196.0,0.0,0.0,24090.0,253000.0
938,30.0,574.0,3456.0,0.0,40.0,936.0,0.0,396.0,0.0,12640.0,239799.0
939,10.0,390.0,3052.0,298.0,0.0,772.0,1038.0,0.0,0.0,8755.0,244400.0
940,30.0,0.0,2880.0,0.0,321.0,1440.0,0.0,0.0,0.0,7711.0,150900.0
941,40.0,576.0,3264.0,0.0,0.0,0.0,0.0,0.0,0.0,25000.0,214000.0
942,51.0,525.0,2163.0,541.0,0.0,111.0,0.0,354.0,0.0,14375.0,150000.0
943,13.0,456.0,2957.0,0.0,48.0,1088.0,561.0,0.0,0.0,8820.0,143000.0
944,47.0,796.0,2288.0,128.0,86.0,748.0,0.0,294.0,0.0,8163.0,137500.0
945,4.0,808.0,3245.0,236.0,0.0,1300.0,0.0,0.0,0.0,14536.0,124900.0
946,4.0,474.0,2712.0,144.0,144.0,0.0,840.0,0.0,0.0,14006.0,143000.0
947,4.0,676.0,2542.0,0.0,0.0,982.0,0.0,0.0,0.0,9360.0,270000.0
948,5.0,720.0,1728.0,0.0,194.0,398.0,0.0,149.0,0.0,7200.0,192500.0
949,41.0,300.0,1793.0,0.0,421.0,641.0,0.0,0.0,0.0,7800.0,197500.0
950,6.0,396.0,1536.0,0.0,192.0,660.0,0.0,0.0,0.0,7200.0,129000.0
951,39.0,530.0,2752.0,232.0,305.0,562.0,800.0,193.0,400.0,11075.0,119900.0
952,31.0,0.0,1925.0,250.0,0.0,945.0,0.0,0.0,0.0,9400.0,133900.0
953,57.0,492.0,2937.0,423.0,0.0,484.0,979.0,0.0,0.0,7136.0,172000.0
954,29.0,462.0,1790.0,0.0,150.0,285.0,668.0,0.0,0.0,1300.0,127500.0
955,45.0,576.0,2114.0,0.0,0.0,417.0,0.0,0.0,0.0,7420.0,145000.0
956,4.0,531.0,2674.0,0.0,0.0,699.0,0.0,0.0,0.0,8450.0,124000.0
957,11.0,484.0,2112.0,0.0,0.0,604.0,720.0,0.0,0.0,2572.0,132000.0
958,2.0,0.0,1716.0,0.0,117.0,696.0,0.0,0.0,0.0,7207.0,185000.0
959,13.0,619.0,4202.0,424.0,550.0,896.0,1330.0,0.0,0.0,12227.0,155000.0
960,31.0,440.0,2352.0,0.0,48.0,556.0,744.0,0.0,0.0,2308.0,116500.0
961,2.0,702.0,3600.0,0.0,288.0,0.0,0.0,0.0,0.0,11923.0,272000.0
962,7.0,510.0,2711.0,44.0,0.0,624.0,1070.0,0.0,0.0,11316.0,155000.0
963,0.0,393.0,2267.0,0.0,0.0,0.0,701.0,0.0,0.0,10237.0,239000.0
964,59.0,256.0,2036.0,0.0,0.0,428.0,332.0,0.0,0.0,9600.0,214900.0
965,53.0,260.0,2196.0,151.0,0.0,902.0,0.0,0.0,0.0,7390.0,178900.0
966,59.0,0.0,1568.0,0.0,0.0,0.0,368.0,0.0,0.0,5925.0,160000.0
967,48.0,264.0,1683.0,105.0,0.0,513.0,0.0,0.0,0.0,10382.0,135000.0
968,56.0,0.0,1912.0,0.0,0.0,0.0,472.0,0.0,0.0,10800.0,37900.0
969,5.0,474.0,2390.0,106.0,0.0,567.0,862.0,0.0,0.0,2268.0,140000.0
970,31.0,264.0,1836.0,0.0,28.0,0.0,0.0,0.0,0.0,7892.0,135000.0
971,0.0,480.0,2856.0,102.61506565307533,0.0,0.0,0.0,0.0,0.0,11639.0,173000.0
972,16.0,532.0,2747.0,0.0,509.0,0.0,883.0,0.0,0.0,11414.0,99500.0
973,6.0,490.0,2055.0,0.0,153.0,641.0,709.0,0.0,0.0,2651.0,182000.0
974,48.0,0.0,1309.0,0.0,0.0,0.0,0.0,0.0,0.0,5900.0,167500.0
975,0.0,569.0,2482.0,102.61506565307533,0.0,1106.0,0.0,0.0,0.0,4274.0,165000.0
976,53.0,400.0,1788.0,0.0,0.0,552.0,0.0,0.0,0.0,9450.0,85500.0
977,46.0,480.0,2242.0,0.0,0.0,651.0,0.0,0.0,0.0,8816.0,199900.0
978,1.0,588.0,1943.0,210.0,144.0,867.0,0.0,0.0,0.0,12122.0,110000.0
979,10.0,676.0,3837.0,975.0,250.0,854.0,1336.0,0.0,0.0,12203.0,139000.0
980,1.0,388.0,2532.0,16.0,100.0,0.0,0.0,0.0,0.0,3182.0,178400.0
981,6.0,779.0,3418.0,0.0,0.0,0.0,1141.0,0.0,0.0,11250.0,336000.0
982,32.0,539.0,1734.0,0.0,0.0,0.0,432.0,0.0,0.0,10125.0,159895.0
983,58.0,240.0,2328.0,0.0,0.0,1040.0,0.0,0.0,0.0,10880.0,255900.0
984,3.0,255.0,2120.0,0.0,394.0,0.0,634.0,0.0,0.0,5310.0,126000.0
985,0.0,606.0,3870.0,450.0,168.0,1646.0,0.0,0.0,0.0,10159.0,125000.0
986,31.0,551.0,2878.0,298.0,0.0,156.0,912.0,0.0,0.0,12046.0,117000.0
987,0.0,614.0,2346.0,0.0,0.0,0.0,798.0,0.0,0.0,8125.0,395192.0
988,8.0,870.0,3788.0,423.0,0.0,1074.0,985.0,0.0,0.0,9452.0,195000.0
989,23.0,424.0,2658.0,0.0,0.0,216.0,826.0,0.0,0.0,17671.0,197000.0
990,14.0,440.0,2673.0,340.0,239.0,536.0,831.0,117.0,0.0,9760.0,348000.0
991,0.0,564.0,2250.0,0.0,0.0,0.0,750.0,0.0,0.0,8846.0,168000.0
992,2.0,786.0,3418.0,230.0,216.0,1172.0,0.0,0.0,0.0,12456.0,187000.0
993,56.0,305.0,1977.0,0.0,0.0,384.0,456.0,0.0,0.0,4712.0,173900.0
994,45.0,368.0,2100.0,0.0,0.0,915.0,0.0,0.0,0.0,10659.0,337500.0
995,39.0,615.0,2884.0,571.0,371.0,0.0,0.0,0.0,0.0,11717.0,121600.0
996,56.0,210.0,2084.0,0.0,0.0,0.0,0.0,0.0,0.0,9786.0,136500.0
997,4.0,632.0,2395.0,24.0,105.0,686.0,0.0,0.0,0.0,6762.0,185000.0
998,57.0,528.0,944.0,0.0,0.0,0.0,0.0,0.0,0.0,10206.0,91000.0
999,57.0,216.0,1382.0,0.0,0.0,0.0,0.0,0.0,0.0,5400.0,206000.0
1000,2.0,824.0,3148.0,53.0,144.0,24.0,0.0,0.0,0.0,11957.0,82000.0
1001,31.0,528.0,3360.0,164.0,0.0,0.0,0.0,0.0,0.0,11500.0,86000.0
1002,3.0,457.0,2850.0,16.0,156.0,16.0,0.0,0.0,0.0,3182.0,232000.0
1003,31.0,328.0,1970.0,220.0,210.0,595.0,0.0,0.0,0.0,8385.0,136905.0
1004,37.0,484.0,3314.0,0.0,0.0,1237.0,0.0,0.0,0.0,12155.0,181000.0
1005,39.0,286.0,1638.0,0.0,238.0,273.0,546.0,273.0,0.0,2217.0,149900.0
1006,4.0,550.0,3420.0,108.0,100.0,0.0,0.0,0.0,0.0,12118.0,163500.0
1007,56.0,0.0,2530.0,0.0,0.0,0.0,0.0,0.0,0.0,6000.0,88000.0
1008,58.0,312.0,1991.0,0.0,0.0,0.0,551.0,0.0,0.0,21286.0,240000.0
1009,45.0,0.0,1664.0,0.0,0.0,0.0,0.0,0.0,0.0,9825.0,102000.0
1010,11.0,180.0,2104.0,0.0,96.0,0.0,602.0,0.0,0.0,10592.0,135000.0
1011,3.0,280.0,2044.0,0.0,0.0,247.0,0.0,465.0,0.0,7200.0,100000.0
1012,57.0,240.0,2164.0,206.0,0.0,336.0,0.0,0.0,0.0,11664.0,165000.0
1013,8.0,528.0,2475.0,0.0,0.0,643.0,855.0,0.0,0.0,8400.0,85000.0
1014,13.0,478.0,3008.0,196.0,115.0,690.0,0.0,0.0,0.0,11883.0,119200.0
1015,25.0,565.0,2580.0,0.0,63.0,1036.0,0.0,0.0,0.0,5814.0,227000.0
1016,15.0,402.0,1856.0,76.0,164.0,0.0,670.0,0.0,0.0,10784.0,203000.0
1017,1.0,440.0,2868.0,145.0,142.0,16.0,0.0,0.0,0.0,3013.0,187500.0
1018,3.0,451.0,2264.0,0.0,252.0,1024.0,0.0,0.0,0.0,7024.0,160000.0
1019,0.0,632.0,2419.0,84.0,105.0,684.0,0.0,0.0,0.0,7406.0,213490.0
1020,57.0,160.0,2160.0,0.0,0.0,324.0,336.0,0.0,0.0,9439.0,176000.0
1021,2.0,437.0,2850.0,14.0,156.0,16.0,0.0,0.0,0.0,3182.0,194000.0
1022,32.0,665.0,4463.0,0.0,0.0,1165.0,0.0,400.0,0.0,15498.0,87000.0
1023,35.0,461.0,1764.0,0.0,96.0,138.0,0.0,468.0,0.0,7700.0,191000.0
1024,50.0,461.0,2532.0,324.0,0.0,697.0,0.0,0.0,0.0,9300.0,287000.0
1025,0.0,800.0,3284.0,338.0,192.0,1513.0,0.0,0.0,0.0,9520.0,112500.0
1026,57.0,240.0,2144.0,0.0,0.0,368.0,408.0,41.0,0.0,9492.0,167500.0
1027,34.0,264.0,1890.0,281.0,0.0,317.0,546.0,0.0,0.0,1680.0,293077.0
1028,11.0,0.0,2614.0,0.0,0.0,0.0,980.0,0.0,0.0,7082.0,105000.0
1029,39.0,672.0,3906.0,0.0,136.0,523.0,998.0,0.0,0.0,15863.0,118000.0
1030,13.0,796.0,3858.0,0.0,209.0,1012.0,1168.0,0.0,0.0,14541.0,160000.0
1031,4.0,900.0,3308.0,295.0,0.0,986.0,0.0,0.0,0.0,8125.0,197000.0
1032,57.0,240.0,1874.0,0.0,0.0,0.0,0.0,0.0,0.0,6305.0,310000.0
1033,52.0,290.0,845.0,0.0,186.0,0.0,0.0,0.0,0.0,11500.0,230000.0
1034,1.0,912.0,3240.0,70.0,228.0,1022.0,0.0,0.0,0.0,12898.0,119750.0
1035,6.0,905.0,3318.0,396.0,0.0,0.0,1208.0,0.0,0.0,9240.0,84000.0
1036,1.0,0.0,1890.0,0.0,0.0,0.0,546.0,0.0,0.0,1533.0,315500.0
1037,39.0,286.0,1260.0,0.0,0.0,509.0,0.0,0.0,0.0,1477.0,287000.0
1038,6.0,484.0,2937.0,67.0,0.0,168.0,0.0,682.0,0.0,13125.0,97000.0
1039,8.0,484.0,2432.0,252.0,0.0,400.0,832.0,64.0,0.0,9130.0,80000.0
1040,4.0,624.0,2612.0,135.0,170.0,900.0,0.0,0.0,0.0,5381.0,155000.0
1041,18.0,514.0,3804.0,99.0,192.0,1085.0,797.0,0.0,0.0,11839.0,173000.0
1042,28.0,542.0,5048.0,0.0,474.0,1104.0,0.0,0.0,0.0,9600.0,196000.0
1043,54.0,452.0,1733.0,0.0,0.0,0.0,0.0,0.0,0.0,13680.0,262280.0
1044,0.0,716.0,4860.0,208.0,214.0,240.0,876.0,0.0,0.0,16056.0,278000.0
1045,13.0,672.0,1980.0,0.0,0.0,686.0,0.0,0.0,0.0,9245.0,139600.0
1046,3.0,336.0,1771.0,75.0,0.0,0.0,0.0,0.0,0.0,21750.0,556581.0
1047,4.0,308.0,930.0,0.0,0.0,0.0,0.0,0.0,0.0,11100.0,145000.0
1048,0.0,436.0,2604.0,0.0,0.0,0.0,0.0,0.0,0.0,8993.0,115000.0
1049,0.0,440.0,2632.0,0.0,0.0,0.0,0.0,0.0,0.0,11175.0,84900.0
1050,29.0,540.0,2793.0,272.0,0.0,442.0,850.0,0.0,0.0,9500.0,176485.0
1051,8.0,364.0,2742.0,145.0,116.0,383.0,0.0,0.0,0.0,8562.0,200141.0
1052,4.0,586.0,3054.0,210.0,199.0,932.0,898.0,0.0,0.0,11367.0,165000.0
1053,32.0,478.0,2716.0,160.0,0.0,644.0,0.0,0.0,0.0,11361.0,144500.0
1054,1.0,484.0,2728.0,240.0,192.0,659.0,0.0,0.0,0.0,7052.0,255000.0
1055,15.0,467.0,2823.0,0.0,168.0,595.0,871.0,0.0,0.0,29959.0,180000.0
1056,1.0,836.0,3288.0,154.0,0.0,936.0,1054.0,0.0,0.0,11308.0,185850.0
1057,57.0,432.0,2845.0,480.0,0.0,297.0,895.0,557.0,0.0,11275.0,248000.0
1058,9.0,582.0,2676.0,0.0,0.0,616.0,0.0,0.0,0.0,4920.0,335000.0
1059,57.0,560.0,2999.0,0.0,0.0,0.0,915.0,0.0,0.0,13600.0,220000.0
1060,26.0,440.0,2206.0,0.0,166.0,397.0,0.0,0.0,0.0,6000.0,213500.0
1061,43.0,480.0,2308.0,200.0,0.0,740.0,0.0,230.0,0.0,11000.0,
1062,13.0,533.0,3566.0,0.0,296.0,1201.0,954.0,0.0,0.0,14000.0,90000.0
1063,15.0,380.0,2370.0,0.0,0.0,0.0,772.0,0.0,0.0,7837.0,110500.0
1064,44.0,442.0,2391.0,360.0,328.0,674.0,813.0,106.0,0.0,9760.0,154000.0
1065,33.0,576.0,3463.0,0.0,728.0,837.0,1230.0,0.0,0.0,3964.0,328000.0
1066,4.0,576.0,1738.0,0.0,0.0,220.0,0.0,0.0,0.0,9600.0,178000.0
1067,51.0,286.0,2096.0,120.0,0.0,586.0,0.0,0.0,0.0,10152.0,167900.0
1068,41.0,441.0,2283.0,0.0,0.0,298.0,727.0,0.0,0.0,11700.0,151400.0
1069,56.0,280.0,2266.0,0.0,0.0,0.0,454.0,0.0,0.0,7585.0,135000.0
1070,32.0,440.0,2116.0,140.0,252.0,535.0,728.0,0.0,0.0,7950.0,135000.0
1071,1.0,826.0,2480.0,0.0,140.0,0.0,0.0,0.0,0.0,8556.0,154000.0
1072,23.0,240.0,2540.0,0.0,0.0,410.0,780.0,0.0,0.0,13125.0,91500.0
1073,17.0,566.0,2262.0,0.0,436.0,626.0,370.0,0.0,500.0,10800.0,159500.0
1074,37.0,299.0,2192.0,0.0,240.0,75.0,0.0,791.0,0.0,15870.0,194000.0
1075,2.0,420.0,1696.0,169.0,140.0,662.0,0.0,0.0,0.0,4435.0,219500.0
1076,13.0,299.0,1980.0,0.0,0.0,495.0,0.0,0.0,0.0,8775.0,170000.0
1077,4.0,528.0,2516.0,144.0,55.0,656.0,0.0,0.0,0.0,11040.0,138800.0
1078,47.0,308.0,2080.0,0.0,0.0,824.0,0.0,0.0,0.0,7500.0,155900.0
1079,5.0,527.0,2918.0,100.0,192.0,0.0,0.0,0.0,0.0,8749.0,126000.0
1080,42.0,461.0,2502.0,425.0,0.0,553.0,0.0,0.0,700.0,8800.0,145000.0
1081,10.0,409.0,2189.0,0.0,315.0,592.0,807.0,0.0,0.0,13031.0,133000.0
1082,18.0,564.0,1932.0,0.0,120.0,747.0,0.0,0.0,0.0,9069.0,192000.0
1083,37.0,286.0,1638.0,0.0,120.0,334.0,546.0,0.0,0.0,1974.0,160000.0
1084,3.0,1043.0,3035.0,0.0,160.0,0.0,871.0,0.0,0.0,10574.0,187500.0
1085,2.0,380.0,2679.0,50.0,0.0,0.0,739.0,0.0,0.0,2522.0,147000.0
1086,1.0,550.0,2494.0,0.0,0.0,1039.0,0.0,0.0,0.0,3316.0,83500.0
1087,59.0,400.0,1040.0,0.0,0.0,0.0,0.0,0.0,0.0,8544.0,252000.0
1088,8.0,462.0,1852.0,212.0,0.0,510.0,628.0,0.0,0.0,2160.0,137500.0
1089,58.0,576.0,2875.0,0.0,342.0,423.0,304.0,0.0,0.0,8400.0,197000.0
1090,8.0,884.0,2064.0,166.0,0.0,661.0,0.0,0.0,0.0,9230.0,92900.0
1091,10.0,308.0,1872.0,0.0,0.0,248.0,0.0,240.0,0.0,5868.0,160000.0
1092,1.0,440.0,2628.0,0.0,0.0,24.0,0.0,0.0,0.0,9317.0,136500.0
1093,1.0,0.0,2039.0,0.0,136.0,0.0,582.0,0.0,0.0,6882.0,146000.0
1094,21.0,461.0,2162.0,0.0,0.0,0.0,0.0,0.0,0.0,3696.0,129000.0
1095,59.0,240.0,1996.0,0.0,0.0,672.0,567.0,0.0,0.0,6000.0,176432.0
1096,31.0,478.0,2872.0,206.0,0.0,704.0,0.0,0.0,0.0,11880.0,127000.0
1097,59.0,246.0,728.0,0.0,0.0,290.0,0.0,0.0,0.0,8400.0,170000.0
1098,36.0,280.0,1900.0,0.0,0.0,412.0,0.0,287.0,0.0,9758.0,128000.0
1099,5.0,254.0,2144.0,45.0,0.0,588.0,0.0,0.0,0.0,7000.0,157000.0
1100,47.0,539.0,1849.0,0.0,0.0,655.0,0.0,0.0,0.0,8910.0,60000.0
1101,37.0,440.0,1932.0,304.0,0.0,0.0,672.0,0.0,0.0,2016.0,119500.0
1102,15.0,712.0,4085.0,362.0,186.0,1032.0,1122.0,0.0,0.0,12256.0,135000.0
1103,16.0,719.0,2352.0,0.0,0.0,738.0,0.0,0.0,0.0,10357.0,159500.0
1104,0.0,422.0,2889.0,0.0,0.0,0.0,1134.0,0.0,0.0,23257.0,106000.0
1105,7.0,463.0,2614.0,0.0,100.0,0.0,742.0,0.0,0.0,8063.0,325000.0
1106,4.0,862.0,3672.0,42.0,125.0,1039.0,0.0,0.0,0.0,11362.0,179900.0
1107,12.0,431.0,2431.0,0.0,224.0,219.0,885.0,0.0,0.0,8000.0,274725.0
1108,32.0,483.0,2767.0,660.0,0.0,403.0,866.0,0.0,0.0,10480.0,181000.0
1109,49.0,308.0,1632.0,0.0,0.0,708.0,0.0,0.0,0.0,7100.0,280000.0
1110,1.0,240.0,2016.0,0.0,0.0,643.0,0.0,0.0,0.0,8923.0,188000.0
1111,6.0,326.0,1666.0,0.0,0.0,415.0,0.0,0.0,0.0,5400.0,205000.0
1112,0.0,928.0,3468.0,328.0,0.0,1004.0,0.0,0.0,0.0,12085.0,129900.0
1113,7.0,527.0,1827.0,0.0,120.0,353.0,640.0,0.0,0.0,7750.0,134500.0
1114,5.0,450.0,1788.0,0.0,0.0,702.0,0.0,0.0,0.0,9764.0,117000.0
1115,21.0,300.0,2134.0,0.0,280.0,0.0,580.0,0.0,0.0,13825.0,318000.0
1116,47.0,286.0,2080.0,0.0,140.0,369.0,0.0,0.0,0.0,7560.0,184100.0
1117,57.0,308.0,2024.0,0.0,0.0,0.0,0.0,0.0,0.0,8263.0,130000.0
1118,0.0,782.0,3104.0,196.0,144.0,24.0,0.0,0.0,0.0,10084.0,140000.0
1119,53.0,288.0,1632.0,0.0,64.0,0.0,0.0,0.0,0.0,8926.0,133700.0
1120,1.0,0.0,1396.0,0.0,0.0,0.0,0.0,0.0,0.0,9405.0,118400.0
1121,15.0,392.0,1866.0,170.0,100.0,0.0,670.0,0.0,0.0,9125.0,212900.0
1122,54.0,672.0,2010.0,0.0,0.0,0.0,0.0,0.0,0.0,10434.0,112000.0
1123,2.0,660.0,2928.0,130.0,143.0,0.0,0.0,0.0,0.0,3684.0,118000.0
1124,3.0,630.0,3060.0,0.0,144.0,1300.0,0.0,0.0,0.0,14572.0,163900.0
1125,2.0,434.0,2806.0,0.0,100.0,0.0,1112.0,0.0,0.0,11796.0,115000.0
1126,27.0,672.0,1872.0,180.0,49.0,936.0,0.0,0.0,0.0,7200.0,174000.0
1127,59.0,576.0,3103.0,0.0,431.0,622.0,653.0,0.0,0.0,7804.0,259000.0
1128,15.0,0.0,1948.0,0.0,0.0,212.0,0.0,0.0,0.0,10712.0,215000.0
1129,57.0,205.0,3218.0,0.0,0.0,0.0,1032.0,0.0,0.0,9900.0,140000.0
1130,14.0,466.0,3148.0,0.0,0.0,584.0,878.0,0.0,0.0,9828.0,135000.0
1131,10.0,460.0,2516.0,0.0,100.0,0.0,684.0,0.0,0.0,8773.0,93500.0
1132,57.0,180.0,1946.0,0.0,0.0,0.0,0.0,0.0,0.0,6180.0,117500.0
1133,58.0,288.0,2284.0,0.0,0.0,280.0,220.0,0.0,0.0,9600.0,239500.0
1134,14.0,0.0,1800.0,0.0,0.0,0.0,240.0,0.0,0.0,6342.0,169000.0
1135,32.0,714.0,3134.0,0.0,264.0,1567.0,0.0,0.0,0.0,9819.0,102000.0
1136,57.0,495.0,2082.0,0.0,0.0,645.0,0.0,0.0,0.0,8731.0,119000.0
1137,57.0,840.0,1904.0,0.0,0.0,852.0,0.0,0.0,0.0,7350.0,94000.0
1138,33.0,484.0,2648.0,44.0,448.0,381.0,780.0,0.0,0.0,10304.0,196000.0
1139,0.0,1052.0,4294.0,340.0,125.0,1150.0,1362.0,0.0,0.0,9965.0,144000.0
1140,49.0,0.0,2012.0,0.0,0.0,288.0,0.0,0.0,0.0,9000.0,139000.0
1141,60.0,280.0,1596.0,0.0,0.0,348.0,252.0,0.0,0.0,12180.0,197500.0
1142,56.0,225.0,2618.0,0.0,0.0,0.0,534.0,0.0,0.0,6240.0,424870.0
1143,21.0,403.0,2596.0,85.0,165.0,1258.0,0.0,0.0,0.0,11200.0,80000.0
1144,59.0,234.0,2268.0,0.0,0.0,275.0,704.0,0.0,0.0,12000.0,80000.0
1145,58.0,288.0,1683.0,0.0,0.0,0.0,539.0,0.0,0.0,5700.0,149000.0
1146,21.0,324.0,2132.0,0.0,0.0,624.0,650.0,0.0,0.0,9000.0,180000.0
1147,57.0,306.0,1864.0,0.0,0.0,0.0,0.0,0.0,0.0,8280.0,174500.0
1148,47.0,528.0,2932.0,132.0,0.0,176.0,0.0,0.0,0.0,17755.0,116900.0
1149,2.0,470.0,2884.0,0.0,0.0,296.0,0.0,547.0,0.0,14115.0,143000.0
1150,1.0,432.0,1632.0,0.0,0.0,538.0,0.0,0.0,0.0,5890.0,124000.0
1151,20.0,492.0,2684.0,288.0,60.0,454.0,918.0,0.0,0.0,13700.0,149900.0
1152,3.0,528.0,2874.0,0.0,0.0,1157.0,0.0,0.0,0.0,10768.0,230000.0
1153,9.0,502.0,2484.0,0.0,0.0,633.0,0.0,0.0,0.0,9350.0,120500.0
1154,1.0,626.0,2628.0,166.0,172.0,904.0,0.0,0.0,0.0,5001.0,201800.0
1155,0.0,830.0,3160.0,186.0,0.0,0.0,0.0,0.0,0.0,11932.0,218000.0
1156,34.0,540.0,2777.0,270.0,0.0,442.0,933.0,0.0,0.0,9120.0,179900.0
1157,32.0,440.0,2311.0,0.0,26.0,311.0,601.0,0.0,0.0,2280.0,230000.0
1158,2.0,924.0,2936.0,72.0,108.0,728.0,0.0,0.0,0.0,14778.0,235128.0
1159,39.0,450.0,1788.0,0.0,0.0,492.0,0.0,0.0,0.0,8724.0,185000.0
1160,39.0,400.0,2456.0,0.0,120.0,1198.0,0.0,0.0,0.0,12900.0,146000.0
1161,29.0,588.0,2792.0,0.0,168.0,680.0,0.0,391.0,0.0,16157.0,224000.0
1162,0.0,644.0,3004.0,268.0,0.0,0.0,0.0,0.0,0.0,9541.0,129000.0
1163,2.0,776.0,3388.0,72.0,160.0,0.0,0.0,0.0,0.0,10475.0,108959.0
1164,6.0,472.0,2630.0,0.0,0.0,786.0,712.0,0.0,0.0,10852.0,194000.0
1165,22.0,540.0,3235.0,0.0,0.0,626.0,872.0,0.0,0.0,13728.0,233170.0
1166,10.0,807.0,5557.0,1378.0,361.0,1387.0,1796.0,0.0,0.0,35760.0,245350.0
1167,31.0,358.0,2214.0,0.0,203.0,522.0,0.0,0.0,0.0,9880.0,173000.0
1168,50.0,433.0,2522.0,0.0,0.0,662.0,0.0,0.0,1400.0,9120.0,235000.0
1169,1.0,625.0,1875.0,0.0,0.0,0.0,625.0,0.0,0.0,4017.0,625000.0
1170,13.0,0.0,4684.0,0.0,122.0,152.0,971.0,469.0,0.0,18030.0,171000.0
1171,56.0,360.0,3297.0,0.0,0.0,503.0,1175.0,0.0,0.0,16560.0,163000.0
1172,7.0,541.0,4555.0,337.0,0.0,700.0,743.0,0.0,0.0,10678.0,171900.0
1173,23.0,264.0,1799.0,0.0,362.0,658.0,0.0,0.0,0.0,6951.0,200500.0
1174,5.0,210.0,2042.0,0.0,0.0,468.0,406.0,0.0,0.0,3950.0,239000.0
1175,59.0,186.0,2074.0,0.0,192.0,0.0,523.0,0.0,0.0,7681.0,285000.0
1176,52.0,0.0,1124.0,0.0,0.0,0.0,0.0,0.0,0.0,8335.0,119500.0
1177,15.0,693.0,3730.0,0.0,0.0,1216.0,1216.0,0.0,0.0,11170.0,115000.0
1178,0.0,482.0,3252.0,186.0,162.0,1480.0,0.0,0.0,0.0,5587.0,154900.0
1179,11.0,813.0,6872.0,0.0,171.0,2096.0,2065.0,0.0,0.0,15623.0,93000.0
1180,56.0,720.0,2250.0,0.0,229.0,821.0,0.0,0.0,0.0,10800.0,250000.0
1181,44.0,995.0,3144.0,226.0,0.0,1159.0,0.0,0.0,0.0,35133.0,392500.0
1182,56.0,392.0,2005.0,0.0,0.0,392.0,272.0,0.0,0.0,9738.0,745000.0
1183,39.0,420.0,2677.0,0.0,0.0,440.0,685.0,0.0,0.0,10615.0,120000.0
1184,11.0,757.0,3248.0,0.0,0.0,1456.0,0.0,0.0,0.0,12461.0,186700.0
1185,7.0,493.0,2491.0,95.0,144.0,0.0,829.0,0.0,0.0,8935.0,104900.0
1186,11.0,442.0,2798.0,0.0,140.0,0.0,776.0,0.0,0.0,7500.0,95000.0
1187,7.0,492.0,2217.0,456.0,206.0,0.0,677.0,0.0,0.0,2645.0,262000.0
1188,13.0,250.0,2174.0,0.0,0.0,0.0,630.0,0.0,0.0,9600.0,195000.0
1189,10.0,402.0,2448.0,425.0,0.0,883.0,0.0,0.0,0.0,4500.0,189000.0
1190,41.0,299.0,2015.0,143.0,379.0,371.0,689.0,0.0,0.0,9364.0,
1191,3.0,400.0,2184.0,0.0,100.0,0.0,728.0,0.0,0.0,8029.0,174000.0
1192,0.0,660.0,2742.0,0.0,100.0,0.0,984.0,0.0,0.0,14054.0,125000.0
1193,56.0,225.0,2505.0,0.0,0.0,0.0,875.0,0.0,0.0,8850.0,165000.0
1194,8.0,573.0,2424.0,0.0,356.0,0.0,0.0,0.0,0.0,9100.0,158000.0
1195,27.0,459.0,2433.0,51.0,0.0,547.0,0.0,0.0,0.0,11235.0,176000.0
1196,36.0,280.0,1728.0,0.0,0.0,0.0,0.0,0.0,0.0,9353.0,219210.0
1197,11.0,546.0,2645.0,0.0,198.0,0.0,913.0,0.0,0.0,10400.0,144000.0
1198,12.0,216.0,2232.0,0.0,0.0,0.0,464.0,0.0,0.0,6000.0,178000.0
1199,8.0,451.0,3260.0,171.0,74.0,0.0,0.0,0.0,0.0,9750.0,148000.0
1200,31.0,495.0,2130.0,0.0,0.0,788.0,0.0,0.0,0.0,10140.0,116050.0
1201,18.0,701.0,4354.0,234.0,84.0,485.0,0.0,177.0,0.0,14684.0,197900.0
1202,40.0,384.0,2112.0,0.0,0.0,1056.0,0.0,0.0,0.0,8900.0,117000.0
1203,3.0,544.0,3382.0,120.0,192.0,340.0,0.0,0.0,0.0,9135.0,213000.0
1204,28.0,506.0,2214.0,0.0,0.0,504.0,0.0,108.0,0.0,7763.0,153500.0
1205,0.0,500.0,3320.0,420.0,322.0,1220.0,0.0,0.0,0.0,10182.0,271900.0
1206,18.0,462.0,2900.0,0.0,635.0,0.0,790.0,0.0,400.0,11218.0,107000.0
1207,5.0,492.0,2311.0,0.0,325.0,427.0,672.0,0.0,0.0,12134.0,200000.0
1208,59.0,234.0,1344.0,0.0,0.0,344.0,0.0,0.0,0.0,9340.0,140000.0
1209,5.0,364.0,1608.0,0.0,88.0,648.0,0.0,0.0,0.0,10246.0,290000.0
1210,44.0,300.0,1924.0,0.0,150.0,784.0,0.0,0.0,0.0,10205.0,189000.0
1211,41.0,384.0,1788.0,0.0,0.0,180.0,0.0,374.0,0.0,7094.0,164000.0
1212,32.0,539.0,1902.0,0.0,0.0,0.0,584.0,0.0,0.0,8930.0,113000.0
1213,0.0,552.0,2614.0,72.0,135.0,936.0,0.0,0.0,0.0,8640.0,145000.0
1214,56.0,0.0,912.0,0.0,0.0,0.0,240.0,0.0,0.0,6240.0,134500.0
1215,35.0,0.0,1890.0,236.0,201.0,0.0,546.0,0.0,0.0,1680.0,125000.0
1216,42.0,288.0,1824.0,0.0,0.0,312.0,0.0,600.0,0.0,7800.0,112000.0
1217,40.0,322.0,2163.0,0.0,0.0,250.0,0.0,492.0,0.0,8250.0,229456.0
1218,57.0,315.0,2886.0,320.0,0.0,196.0,678.0,0.0,0.0,10496.0,80500.0
1219,55.0,528.0,4272.0,44.0,0.0,756.0,0.0,0.0,0.0,10680.0,91500.0
1220,3.0,388.0,2278.0,0.0,100.0,724.0,702.0,0.0,0.0,15384.0,115000.0
1221,49.0,264.0,1726.0,63.0,224.0,507.0,0.0,0.0,0.0,10482.0,134000.0
1222,1.0,668.0,2827.0,74.0,100.0,0.0,1039.0,0.0,0.0,14598.0,143000.0
1223,0.0,576.0,1824.0,300.0,0.0,595.0,0.0,0.0,0.0,8872.0,137900.0
1224,0.0,1052.0,3404.0,766.0,0.0,1540.0,0.0,0.0,0.0,8769.0,184000.0
1225,48.0,404.0,2582.0,0.0,0.0,666.0,0.0,0.0,0.0,7910.0,145000.0
1226,30.0,600.0,3981.0,1.0,155.0,498.0,1259.0,211.0,8300.0,18890.0,214000.0
1227,44.0,540.0,2296.0,120.0,0.0,803.0,0.0,0.0,0.0,7728.0,147000.0
1228,45.0,462.0,1224.0,0.0,0.0,0.0,0.0,0.0,0.0,9842.0,367294.0
1229,51.0,531.0,2376.0,180.0,0.0,1000.0,0.0,0.0,0.0,12160.0,127000.0
1230,58.0,0.0,2904.0,0.0,0.0,0.0,940.0,0.0,0.0,8525.0,190000.0
1231,56.0,180.0,2531.0,0.0,203.0,0.0,892.0,0.0,0.0,13132.0,132500.0
1232,7.0,474.0,2390.0,106.0,0.0,0.0,862.0,0.0,0.0,2628.0,101800.0
1233,1.0,434.0,2795.0,0.0,100.0,0.0,1101.0,0.0,0.0,12393.0,142000.0
1234,1.0,484.0,2282.0,0.0,0.0,0.0,0.0,0.0,0.0,13072.0,130000.0
1235,1.0,472.0,2960.0,32.0,120.0,428.0,0.0,0.0,0.0,9037.0,138887.0
1236,5.0,543.0,2652.0,252.0,0.0,550.0,884.0,0.0,0.0,8158.0,175500.0
1237,0.0,954.0,3378.0,0.0,0.0,0.0,0.0,0.0,0.0,9849.0,195000.0
1238,36.0,528.0,2226.0,81.0,0.0,885.0,0.0,168.0,0.0,10625.0,142500.0
1239,0.0,850.0,4152.0,102.61506565307533,216.0,1386.0,0.0,0.0,0.0,13891.0,265900.0
1240,56.0,400.0,2309.0,0.0,0.0,0.0,725.0,0.0,0.0,11435.0,224900.0
1241,4.0,477.0,2453.0,74.0,268.0,0.0,728.0,0.0,0.0,12090.0,248328.0
1242,0.0,615.0,2309.0,0.0,0.0,0.0,797.0,0.0,0.0,8125.0,170000.0
1243,34.0,888.0,2046.0,335.0,0.0,539.0,0.0,0.0,0.0,12328.0,465000.0
1244,58.0,396.0,2793.0,0.0,0.0,319.0,924.0,0.0,0.0,9600.0,230000.0
1245,57.0,276.0,1864.0,0.0,0.0,534.0,0.0,96.0,0.0,7200.0,178000.0
1246,42.0,522.0,4220.0,0.0,0.0,1065.0,0.0,0.0,0.0,11160.0,186500.0
1247,3.0,478.0,2810.0,163.0,148.0,0.0,0.0,0.0,0.0,3136.0,169900.0
1248,41.0,288.0,1738.0,0.0,33.0,510.0,0.0,0.0,600.0,9858.0,129500.0
1249,4.0,518.0,3359.0,0.0,220.0,125.0,651.0,1031.0,0.0,17542.0,119000.0
1250,4.0,397.0,2402.0,92.0,178.0,0.0,896.0,0.0,0.0,6931.0,244000.0
1251,57.0,560.0,2251.0,0.0,0.0,425.0,408.0,0.0,0.0,6240.0,171750.0
1252,14.0,691.0,3973.0,554.0,262.0,1314.0,0.0,0.0,0.0,14303.0,130000.0
1253,59.0,0.0,1728.0,0.0,0.0,0.0,0.0,0.0,0.0,4060.0,294000.0
1254,3.0,400.0,2022.0,182.0,212.0,655.0,0.0,0.0,0.0,9587.0,165400.0
1255,39.0,460.0,2108.0,0.0,180.0,602.0,0.0,438.0,0.0,9750.0,127500.0
1256,10.0,502.0,2516.0,0.0,0.0,0.0,783.0,0.0,0.0,24682.0,301500.0
1257,53.0,338.0,2100.0,0.0,0.0,504.0,0.0,0.0,0.0,9600.0,99900.0
1258,20.0,304.0,2892.0,0.0,120.0,0.0,684.0,0.0,0.0,11250.0,190000.0
1259,57.0,520.0,2588.0,0.0,0.0,0.0,764.0,0.0,0.0,13515.0,151000.0
1260,9.0,511.0,2742.0,0.0,144.0,266.0,0.0,0.0,0.0,4060.0,181000.0
1261,7.0,506.0,2143.0,218.0,0.0,450.0,739.0,0.0,0.0,3735.0,128900.0
1262,57.0,308.0,2814.0,0.0,0.0,0.0,925.0,0.0,0.0,10120.0,161500.0
1263,1.0,746.0,4020.0,0.0,144.0,0.0,0.0,0.0,0.0,13214.0,180500.0
1264,11.0,1014.0,4175.0,632.0,314.0,192.0,1479.0,0.0,0.0,14100.0,181000.0
1265,49.0,315.0,2398.0,180.0,0.0,460.0,650.0,0.0,0.0,11344.0,183900.0
1266,31.0,586.0,2856.0,0.0,268.0,1258.0,192.0,0.0,0.0,23595.0,122000.0
1267,41.0,462.0,2978.0,0.0,0.0,0.0,0.0,0.0,0.0,9156.0,378500.0
1268,41.0,288.0,1870.0,114.0,180.0,560.0,0.0,375.0,0.0,13526.0,381000.0
1269,2.0,312.0,2376.0,84.0,0.0,719.0,0.0,0.0,0.0,11512.0,144000.0
1270,4.0,552.0,1911.0,0.0,242.0,0.0,589.0,0.0,0.0,5362.0,260000.0
1271,57.0,400.0,2848.0,567.0,0.0,220.0,992.0,0.0,0.0,11345.0,185750.0
1272,37.0,497.0,2118.0,0.0,294.0,593.0,660.0,0.0,0.0,12936.0,137000.0
1273,33.0,480.0,3404.0,359.0,0.0,528.0,0.0,0.0,0.0,17871.0,177000.0
1274,6.0,577.0,3159.0,102.61506565307533,0.0,804.0,903.0,0.0,0.0,9473.0,139000.0
1275,60.0,528.0,1826.0,0.0,30.0,0.0,430.0,0.0,0.0,7500.0,137000.0
1276,7.0,544.0,3146.0,110.0,0.0,788.0,0.0,0.0,0.0,9808.0,162000.0
1277,16.0,484.0,2648.0,54.0,0.0,1053.0,0.0,0.0,0.0,8049.0,197900.0
1278,1.0,484.0,2080.0,0.0,0.0,532.0,0.0,144.0,0.0,8800.0,237000.0
1279,39.0,0.0,2736.0,0.0,128.0,0.0,912.0,0.0,0.0,9400.0,68400.0
1280,20.0,336.0,3251.0,0.0,272.0,0.0,748.0,0.0,0.0,9638.0,227000.0
1281,59.0,280.0,2192.0,0.0,45.0,0.0,587.0,0.0,0.0,6000.0,180000.0
1282,47.0,528.0,2656.0,451.0,0.0,569.0,0.0,81.0,0.0,9790.0,150500.0
1283,42.0,390.0,3206.0,621.0,168.0,812.0,0.0,0.0,0.0,36500.0,139000.0
1284,9.0,499.0,3160.0,0.0,212.0,1158.0,0.0,0.0,0.0,5664.0,169000.0
1285,0.0,753.0,3055.0,788.0,177.0,0.0,850.0,0.0,0.0,11065.0,132500.0
1286,46.0,484.0,2304.0,86.0,227.0,1014.0,0.0,0.0,0.0,14112.0,143000.0
1287,37.0,264.0,1932.0,268.0,185.0,231.0,672.0,0.0,0.0,1680.0,190000.0
1288,44.0,432.0,3366.0,0.0,0.0,0.0,994.0,0.0,0.0,6600.0,278000.0
1289,30.0,528.0,2496.0,0.0,0.0,194.0,832.0,0.0,0.0,10140.0,281000.0
1290,16.0,572.0,1728.0,0.0,0.0,167.0,0.0,0.0,0.0,8172.0,180500.0
1291,38.0,288.0,2104.0,168.0,356.0,1016.0,0.0,0.0,0.0,8400.0,119500.0
1292,45.0,525.0,2248.0,148.0,192.0,776.0,0.0,0.0,0.0,8700.0,107500.0
1293,0.0,525.0,1619.0,82.0,0.0,547.0,0.0,0.0,0.0,3675.0,162900.0
1294,16.0,305.0,2492.0,0.0,218.0,340.0,0.0,906.0,0.0,7500.0,115000.0
1295,10.0,490.0,2961.0,344.0,0.0,694.0,978.0,0.0,0.0,10762.0,138500.0
1296,59.0,213.0,2265.0,0.0,0.0,547.0,741.0,0.0,0.0,7500.0,155000.0
1297,12.0,844.0,3691.0,391.0,309.0,740.0,1323.0,0.0,0.0,10120.0,140000.0
1298,1.0,834.0,3232.0,228.0,208.0,0.0,0.0,0.0,0.0,8688.0,
1299,2.0,380.0,2684.0,117.0,0.0,0.0,732.0,0.0,0.0,3363.0,154000.0
1300,2.0,840.0,3304.0,300.0,404.0,1572.0,0.0,0.0,0.0,13173.0,225000.0
1301,0.0,474.0,2736.0,94.0,132.0,0.0,0.0,0.0,0.0,6955.0,177500.0
1302,14.0,480.0,1980.0,0.0,0.0,746.0,0.0,0.0,0.0,8072.0,290000.0
1303,3.0,528.0,2046.0,0.0,0.0,144.0,0.0,608.0,0.0,12000.0,232000.0
1304,17.0,496.0,2572.0,88.0,112.0,1200.0,0.0,0.0,0.0,7153.0,130000.0
1305,8.0,567.0,3804.0,0.0,0.0,1406.0,0.0,0.0,0.0,17500.0,325000.0
1306,0.0,508.0,2548.0,80.0,264.0,925.0,0.0,0.0,0.0,8814.0,202500.0
1307,17.0,750.0,4263.0,336.0,500.0,482.0,1357.0,0.0,0.0,9572.0,138000.0
1308,11.0,779.0,3992.0,165.0,668.0,0.0,1177.0,0.0,0.0,14774.0,147000.0
1309,53.0,280.0,1896.0,0.0,0.0,732.0,0.0,0.0,0.0,8190.0,179200.0
1310,39.0,576.0,3064.0,0.0,280.0,500.0,1020.0,276.0,0.0,11075.0,335000.0
1311,1.0,860.0,3252.0,270.0,172.0,0.0,0.0,0.0,0.0,10226.0,203000.0
1312,0.0,466.0,2704.0,0.0,0.0,0.0,0.0,0.0,0.0,4230.0,302000.0
1313,4.0,748.0,3540.0,178.0,198.0,0.0,0.0,0.0,0.0,14781.0,333168.0
1314,53.0,248.0,1812.0,132.0,0.0,492.0,0.0,0.0,0.0,10215.0,119000.0
1315,52.0,442.0,2956.0,0.0,114.0,189.0,0.0,661.0,0.0,8400.0,206900.0
1316,58.0,287.0,720.0,0.0,0.0,0.0,0.0,0.0,0.0,6627.0,295493.0
1317,18.0,564.0,2673.0,0.0,240.0,674.0,862.0,0.0,0.0,10186.0,208900.0
1318,59.0,0.0,1128.0,0.0,164.0,280.0,0.0,0.0,0.0,5330.0,275000.0
1319,0.0,895.0,3590.0,428.0,0.0,0.0,0.0,0.0,0.0,9986.0,111000.0
1320,58.0,0.0,1592.0,0.0,0.0,0.0,0.0,0.0,0.0,3636.0,156500.0
1321,1.0,0.0,1318.0,0.0,0.0,544.0,0.0,0.0,0.0,4270.0,72500.0
1322,0.0,264.0,1632.0,0.0,0.0,641.0,0.0,0.0,0.0,6600.0,190000.0
1323,58.0,520.0,4302.0,0.0,0.0,493.0,1208.0,0.0,1150.0,10440.0,82500.0
1324,8.0,462.0,2567.0,0.0,0.0,0.0,677.0,0.0,0.0,9084.0,147000.0
1325,1.0,825.0,3176.0,410.0,144.0,0.0,0.0,0.0,0.0,10000.0,55000.0
1326,30.0,576.0,1865.0,0.0,0.0,483.0,0.0,0.0,0.0,10780.0,79000.0
1327,51.0,288.0,1632.0,0.0,0.0,690.0,0.0,0.0,0.0,8877.0,130500.0
1328,11.0,297.0,2163.0,0.0,0.0,0.0,557.0,0.0,0.0,7200.0,256000.0
1329,39.0,440.0,2130.0,312.0,0.0,765.0,600.0,0.0,0.0,2368.0,176500.0
1330,32.0,630.0,2684.0,360.0,0.0,686.0,0.0,0.0,0.0,9650.0,227000.0
1331,35.0,506.0,3312.0,564.0,0.0,0.0,0.0,0.0,0.0,9246.0,132500.0
1332,56.0,0.0,1386.0,0.0,0.0,0.0,0.0,0.0,0.0,4118.0,100000.0
1333,4.0,492.0,2777.0,0.0,146.0,700.0,941.0,0.0,0.0,13450.0,125500.0
1334,34.0,288.0,1728.0,0.0,0.0,360.0,0.0,0.0,0.0,9560.0,125000.0
1335,36.0,480.0,1730.0,0.0,0.0,0.0,0.0,0.0,0.0,8294.0,167900.0
1336,4.0,576.0,2228.0,0.0,0.0,814.0,0.0,0.0,0.0,13695.0,135000.0
1337,5.0,647.0,3453.0,149.0,192.0,0.0,885.0,0.0,0.0,9375.0,52500.0
1338,59.0,342.0,2809.0,0.0,0.0,0.0,741.0,0.0,0.0,7558.0,200000.0
1339,1.0,440.0,2184.0,0.0,0.0,0.0,728.0,0.0,0.0,11103.0,128500.0
1340,57.0,308.0,1920.0,0.0,0.0,250.0,0.0,0.0,0.0,6000.0,123000.0
1341,3.0,508.0,3724.0,0.0,0.0,297.0,0.0,68.0,0.0,20781.0,155000.0
1342,0.0,712.0,3508.0,100.0,0.0,80.0,0.0,0.0,0.0,15306.0,228500.0
1343,9.0,514.0,2976.0,0.0,402.0,1443.0,0.0,0.0,0.0,16196.0,177000.0
1344,21.0,0.0,3042.0,0.0,0.0,259.0,1215.0,0.0,0.0,5250.0,155835.0
1345,40.0,968.0,3882.0,368.0,0.0,500.0,1296.0,0.0,0.0,11643.0,108500.0
1346,46.0,490.0,2574.0,318.0,0.0,319.0,858.0,0.0,0.0,9247.0,262500.0
1347,9.0,624.0,1874.0,0.0,210.0,0.0,390.0,0.0,0.0,6000.0,283463.0
1348,14.0,666.0,5271.0,579.0,283.0,816.0,1185.0,0.0,0.0,14720.0,215000.0
1349,8.0,839.0,2857.0,0.0,0.0,735.0,873.0,0.0,0.0,10316.0,122000.0
1350,14.0,487.0,2490.0,143.0,0.0,0.0,698.0,0.0,0.0,10192.0,200000.0
1351,42.0,264.0,1756.0,65.0,0.0,340.0,0.0,0.0,0.0,9477.0,171000.0
1352,2.0,500.0,2156.0,0.0,0.0,734.0,0.0,0.0,0.0,12537.0,134900.0
1353,10.0,440.0,2329.0,216.0,0.0,378.0,804.0,0.0,0.0,2117.0,410000.0
1354,1.0,770.0,3960.0,66.0,194.0,1447.0,0.0,0.0,0.0,16737.0,235000.0
1355,10.0,621.0,3213.0,0.0,183.0,0.0,1611.0,0.0,0.0,9842.0,170000.0
1356,4.0,430.0,3060.0,16.0,168.0,1274.0,0.0,0.0,0.0,16158.0,110000.0
1357,2.0,368.0,2453.0,0.0,55.0,0.0,457.0,0.0,0.0,12513.0,149900.0
1358,0.0,432.0,2028.0,0.0,0.0,0.0,796.0,0.0,0.0,8499.0,177500.0
1359,1.0,480.0,1800.0,0.0,0.0,0.0,600.0,0.0,0.0,3180.0,315000.0
1360,10.0,663.0,2488.0,0.0,0.0,533.0,860.0,0.0,0.0,7500.0,189000.0
1361,9.0,588.0,2663.0,158.0,0.0,633.0,908.0,0.0,0.0,9179.0,260000.0
1362,29.0,336.0,2232.0,0.0,104.0,548.0,550.0,173.0,0.0,2665.0,104900.0
1363,5.0,420.0,1696.0,170.0,140.0,685.0,0.0,0.0,0.0,4435.0,156932.0
1364,7.0,502.0,3325.0,171.0,0.0,370.0,0.0,972.0,0.0,10635.0,144152.0
1365,59.0,338.0,2214.0,0.0,0.0,315.0,534.0,105.0,0.0,5400.0,216000.0
1366,12.0,377.0,2653.0,0.0,0.0,831.0,0.0,0.0,0.0,9600.0,193000.0
1367,8.0,583.0,3205.0,0.0,253.0,975.0,989.0,0.0,0.0,9750.0,127000.0
1368,5.0,804.0,5266.0,705.0,314.0,1282.0,0.0,0.0,0.0,11400.0,144000.0
1369,3.0,936.0,2984.0,0.0,154.0,0.0,932.0,0.0,0.0,10625.0,232000.0
1370,0.0,722.0,3142.0,80.0,100.0,0.0,0.0,0.0,0.0,10991.0,105000.0
1371,58.0,160.0,1558.0,0.0,0.0,384.0,0.0,0.0,0.0,6292.0,165500.0
1372,49.0,660.0,2588.0,0.0,0.0,408.0,620.0,420.0,0.0,10998.0,274300.0
1373,33.0,264.0,1470.0,408.0,72.0,309.0,504.0,0.0,0.0,1953.0,466500.0
1374,1.0,400.0,1778.0,0.0,100.0,0.0,640.0,0.0,0.0,9735.0,250000.0
1375,60.0,200.0,1728.0,0.0,0.0,203.0,0.0,0.0,0.0,8212.0,239000.0
1376,38.0,550.0,3322.0,0.0,0.0,865.0,0.0,0.0,0.0,12925.0,91000.0
1377,56.0,576.0,2358.0,0.0,36.0,0.0,764.0,0.0,0.0,7200.0,117000.0
1378,0.0,576.0,2232.0,0.0,0.0,0.0,0.0,0.0,0.0,25339.0,83000.0
1379,59.0,280.0,1818.0,0.0,0.0,204.0,560.0,0.0,0.0,9060.0,167500.0
1380,3.0,240.0,1950.0,0.0,0.0,735.0,358.0,0.0,0.0,5436.0,58500.0
1381,28.0,564.0,4176.0,184.0,0.0,790.0,1392.0,469.0,2000.0,16692.0,237500.0
1382,57.0,216.0,3240.0,0.0,88.0,168.0,862.0,546.0,0.0,8520.0,157000.0
1383,2.0,758.0,3492.0,160.0,201.0,1320.0,0.0,0.0,0.0,14892.0,112000.0
1384,57.0,440.0,1953.0,0.0,0.0,375.0,349.0,0.0,0.0,6000.0,105000.0
1385,6.0,541.0,3050.0,244.0,219.0,1400.0,0.0,0.0,0.0,9100.0,125500.0
1386,42.0,792.0,3168.0,0.0,0.0,0.0,0.0,0.0,0.0,8944.0,250000.0
1387,39.0,288.0,1764.0,0.0,175.0,769.0,0.0,0.0,0.0,7838.0,136000.0
1388,8.0,672.0,2394.0,0.0,0.0,0.0,691.0,0.0,0.0,10800.0,377500.0
1389,0.0,648.0,2856.0,45.0,161.0,1070.0,0.0,0.0,0.0,4045.0,131000.0
1390,1.0,642.0,3576.0,245.0,144.0,0.0,1349.0,0.0,0.0,12665.0,235000.0
1391,60.0,572.0,2434.0,0.0,0.0,353.0,0.0,334.0,0.0,57200.0,124000.0
1392,3.0,180.0,2452.0,0.0,24.0,0.0,574.0,0.0,0.0,6120.0,123000.0
1393,27.0,240.0,3112.0,0.0,0.0,180.0,768.0,352.0,0.0,7200.0,163000.0
1394,19.0,216.0,2584.0,0.0,147.0,264.0,448.0,0.0,0.0,6171.0,246578.0
1395,58.0,208.0,2020.0,0.0,0.0,0.0,208.0,0.0,0.0,6000.0,281213.0
1396,4.0,398.0,2432.0,0.0,100.0,759.0,729.0,0.0,0.0,7415.0,160000.0
1397,0.0,662.0,2580.0,0.0,168.0,0.0,0.0,0.0,0.0,6762.0,137500.0
1398,0.0,754.0,2949.0,84.0,168.0,929.0,0.0,0.0,0.0,15256.0,138000.0
1399,56.0,936.0,1886.0,0.0,216.0,0.0,520.0,0.0,0.0,10410.0,137450.0
1400,3.0,482.0,3240.0,174.0,128.0,1373.0,0.0,0.0,0.0,3842.0,120000.0
1401,2.0,396.0,1536.0,0.0,58.0,656.0,0.0,0.0,0.0,8445.0,193000.0
1402,24.0,0.0,1666.0,0.0,0.0,625.0,0.0,0.0,0.0,8780.0,193879.0
1403,60.0,528.0,1985.0,0.0,0.0,0.0,622.0,0.0,0.0,7740.0,282922.0
1404,17.0,542.0,2884.0,123.0,364.0,0.0,857.0,0.0,0.0,20544.0,105000.0
1405,8.0,622.0,2784.0,0.0,0.0,666.0,896.0,0.0,0.0,12420.0,275000.0
1406,4.0,271.0,2524.0,0.0,0.0,120.0,556.0,0.0,0.0,9600.0,133000.0
1407,59.0,420.0,1040.0,0.0,0.0,0.0,0.0,0.0,0.0,7200.0,112000.0
1408,3.0,620.0,3688.0,366.0,165.0,976.0,0.0,0.0,0.0,10994.0,125500.0
1409,8.0,370.0,2681.0,0.0,0.0,0.0,795.0,0.0,0.0,13053.0,215000.0
1410,2.0,660.0,2955.0,130.0,143.0,988.0,0.0,0.0,0.0,3635.0,230000.0
1411,60.0,560.0,3067.0,0.0,0.0,0.0,1044.0,0.0,0.0,11340.0,140000.0
1412,11.0,1069.0,3734.0,731.0,0.0,781.0,1140.0,0.0,0.0,16545.0,90000.0
1413,45.0,336.0,2288.0,0.0,0.0,25.0,0.0,872.0,0.0,9204.0,257000.0
1414,37.0,540.0,3688.0,312.0,0.0,1110.0,0.0,0.0,0.0,16381.0,207000.0
1415,38.0,776.0,2124.0,420.0,0.0,404.0,708.0,0.0,0.0,11700.0,175900.0
1416,33.0,440.0,2138.0,0.0,0.0,360.0,0.0,0.0,0.0,4043.0,122500.0
1417,5.0,420.0,1696.0,170.0,140.0,686.0,0.0,0.0,0.0,4435.0,340000.0
1418,40.0,432.0,2898.0,0.0,586.0,0.0,626.0,0.0,0.0,19690.0,124000.0
1419,24.0,484.0,2368.0,0.0,316.0,457.0,0.0,374.0,0.0,9503.0,223000.0
1420,49.0,528.0,2504.0,243.0,0.0,0.0,0.0,0.0,0.0,10721.0,179900.0
1421,14.0,525.0,3350.0,448.0,171.0,1000.0,904.0,0.0,0.0,10944.0,127500.0
1422,58.0,288.0,2471.0,0.0,0.0,580.0,510.0,0.0,0.0,10930.0,136500.0
1423,18.0,240.0,1592.0,294.0,0.0,510.0,0.0,0.0,0.0,7200.0,274970.0
1424,26.0,467.0,2880.0,310.0,0.0,678.0,0.0,0.0,0.0,12546.0,144000.0
1425,1.0,372.0,2570.0,0.0,100.0,0.0,1104.0,0.0,0.0,21930.0,142000.0
1426,33.0,440.0,1916.0,0.0,0.0,958.0,0.0,0.0,0.0,4928.0,271000.0
1427,0.0,216.0,1624.0,0.0,0.0,0.0,0.0,0.0,0.0,10800.0,140000.0
1428,8.0,451.0,2728.0,318.0,0.0,0.0,830.0,0.0,0.0,10261.0,119000.0
1429,29.0,484.0,2252.0,0.0,295.0,936.0,0.0,0.0,0.0,17400.0,182900.0
1430,3.0,462.0,2856.0,237.0,0.0,0.0,0.0,0.0,0.0,8400.0,192140.0
1431,36.0,528.0,1728.0,0.0,0.0,616.0,0.0,0.0,0.0,9000.0,143750.0
1432,0.0,774.0,3864.0,426.0,0.0,1336.0,0.0,0.0,0.0,12444.0,64500.0
1433,14.0,923.0,2148.0,0.0,0.0,600.0,0.0,0.0,0.0,7407.0,186500.0
1434,28.0,550.0,2264.0,96.0,0.0,315.0,685.0,110.0,0.0,11584.0,160000.0
1435,14.0,672.0,3143.0,0.0,431.0,0.0,748.0,0.0,0.0,11526.0,174000.0
1436,4.0,420.0,1696.0,147.0,149.0,697.0,0.0,0.0,0.0,4426.0,120500.0
1437,1.0,812.0,3024.0,160.0,168.0,765.0,981.0,0.0,0.0,11003.0,394617.0
1438,59.0,192.0,1904.0,0.0,0.0,0.0,0.0,0.0,0.0,8854.0,149700.0
1439,3.0,626.0,2844.0,106.0,192.0,0.0,0.0,0.0,0.0,8500.0,197000.0
1440,41.0,240.0,1727.0,0.0,0.0,187.0,0.0,627.0,0.0,8400.0,191000.0
1441,48.0,312.0,2376.0,189.0,261.0,593.0,0.0,0.0,0.0,26142.0,149300.0
1442,11.0,556.0,3310.0,438.0,0.0,1079.0,870.0,0.0,0.0,10000.0,310000.0
1443,7.0,384.0,1906.0,0.0,168.0,0.0,550.0,0.0,0.0,11767.0,121000.0
1444,36.0,0.0,1260.0,0.0,0.0,553.0,0.0,0.0,0.0,1533.0,179600.0
1445,35.0,0.0,2688.0,0.0,32.0,0.0,896.0,0.0,0.0,9000.0,129000.0
1446,0.0,840.0,3151.0,194.0,0.0,0.0,0.0,0.0,0.0,9262.0,157900.0
1447,1.0,525.0,1619.0,80.0,0.0,547.0,0.0,0.0,0.0,3675.0,240000.0
1448,0.0,0.0,2280.0,0.0,36.0,0.0,0.0,0.0,0.0,17217.0,112000.0
1449,4.0,400.0,2442.0,0.0,0.0,410.0,0.0,0.0,0.0,7500.0,92000.0
1450,7.0,460.0,2600.0,0.0,0.0,0.0,694.0,0.0,0.0,7917.0,136000.0
1451,22.0,500.0,3615.0,119.0,349.0,790.0,0.0,163.0,0.0,13175.0,287090.0
1452,4.0,252.0,3492.0,0.0,0.0,275.0,1152.0,0.0,2500.0,9042.0,145000.0
1453,14.0,240.0,2156.0,0.0,366.0,49.0,0.0,1029.0,0.0,9717.0,84500.0
1454,43.0,276.0,2512.0,0.0,736.0,830.0,0.0,290.0,0.0,9937.0,185000.0
1455,,,,,,,,,,,175000.0
1456,,,,,,,,,,,210000.0
1457,,,,,,,,,,,266500.0
1458,,,,,,,,,,,142125.0
1459,,,,,,,,,,,147500.0
